time,x,y,z,yaw,ctrl_comp_time,x_ref,y_ref,z_ref,yaw_ref,throttle,roll_rate,pitch_rate,yaw_rate
5.000355005264282,0.011962609365582466,0.009677697904407978,0.30740684270858765,0.002159588541237654,0.00043773651123046875,0.0,0.0,-5.0,nan,nan,nan,nan,nan
5.010707139968872,0.013085398823022842,0.008946103975176811,0.27790677547454834,0.0021271359122750602,0.0005788803100585938,0.0,0.0,-5.0,nan,nan,nan,nan,nan
5.020222187042236,0.013085398823022842,0.008946103975176811,0.27790677547454834,0.0021271359122750602,0.0008721351623535156,0.0,0.0,-5.0,nan,nan,nan,nan,nan
5.030279159545898,0.013085398823022842,0.008946103975176811,0.27790677547454834,0.0021271359122750602,0.0006213188171386719,0.0,0.0,-5.0,nan,nan,nan,nan,nan
5.040211915969849,0.015173866413533688,0.007450411561876535,0.21698349714279175,0.0020482696641462767,0.0006384849548339844,0.0,0.0,-5.0,nan,nan,nan,nan,nan
5.050287961959839,0.015173866413533688,0.007450411561876535,0.21698349714279175,0.0020482696641462767,0.0006129741668701172,0.0,0.0,-5.0,nan,nan,nan,nan,nan
5.060673713684082,0.016604401171207428,0.006285599432885647,0.16969382762908936,0.0019853599608777336,0.0008103847503662109,0.0,0.0,-5.0,nan,nan,nan,nan,nan
5.070260524749756,0.016604401171207428,0.006285599432885647,0.16969382762908936,0.0019853599608777336,0.0005791187286376953,0.0,0.0,-5.0,nan,nan,nan,nan,nan
5.080244064331055,0.016604401171207428,0.006285599432885647,0.16969382762908936,0.0019853599608777336,0.0005571842193603516,0.0,0.0,-5.0,nan,nan,nan,nan,nan
5.0902485847473145,0.017876802012324333,0.005055664572864771,0.12086606025695801,0.001911743934435566,0.0006532669067382812,0.0,0.0,-5.0,nan,nan,nan,nan,nan
5.10039210319519,0.017876802012324333,0.005055664572864771,0.12086606025695801,0.001911743934435566,0.0005016326904296875,0.0,0.0,-5.0,nan,nan,nan,nan,nan
5.111198663711548,0.01907188445329666,0.003823885228484869,0.07079219818115234,0.001845975038727037,0.0006420612335205078,0.0,0.0,-5.0,nan,nan,nan,nan,nan
5.120304107666016,0.01907188445329666,0.003823885228484869,0.07079219818115234,0.001845975038727037,0.00074005126953125,0.0,0.0,-5.0,nan,nan,nan,nan,nan
5.130412817001343,0.01907188445329666,0.003823885228484869,0.07079219818115234,0.001845975038727037,0.0008535385131835938,0.0,0.0,-5.0,nan,nan,nan,nan,nan
5.1402177810668945,0.020493384450674057,0.002118149306625128,0.0018017292022705078,0.001726752079902899,0.0006756782531738281,0.0,0.0,-5.0,nan,nan,nan,nan,nan
5.150223731994629,0.020493384450674057,0.002118149306625128,0.0018017292022705078,0.001726752079902899,0.0005443096160888672,0.0,0.0,-5.0,nan,nan,nan,nan,nan
5.160881280899048,0.021453682333230972,0.0008324147784151137,-0.05152308940887451,0.0016188388039343618,0.0006296634674072266,0.0,0.0,-5.0,nan,nan,nan,nan,nan
5.170180797576904,0.021453682333230972,0.0008324147784151137,-0.05152308940887451,0.0016188388039343618,0.0005764961242675781,0.0,0.0,-5.0,nan,nan,nan,nan,nan
5.180336952209473,0.021453682333230972,0.0008324147784151137,-0.05152308940887451,0.0016188388039343618,0.0008511543273925781,0.0,0.0,-5.0,nan,nan,nan,nan,nan
5.190274000167847,0.022308507934212685,-0.0004887102404609323,-0.10630261898040771,0.001525365737638521,0.0006544589996337891,0.0,0.0,-5.0,nan,nan,nan,nan,nan
5.200439929962158,0.022308507934212685,-0.0004887102404609323,-0.10630261898040771,0.001525365737638521,0.0005514621734619141,0.0,0.0,-5.0,nan,nan,nan,nan,nan
5.210531949996948,0.02281162329018116,-0.0013673814246430993,-0.14351046085357666,0.0014567529457853846,0.00041675567626953125,0.0,0.0,-5.0,nan,nan,nan,nan,nan
5.2203638553619385,0.02281162329018116,-0.0013673814246430993,-0.14351046085357666,0.0014567529457853846,0.0005040168762207031,0.0,0.0,-5.0,nan,nan,nan,nan,nan
5.230359077453613,0.02281162329018116,-0.0013673814246430993,-0.14351046085357666,0.0014567529457853846,0.0004937648773193359,0.0,0.0,-5.0,nan,nan,nan,nan,nan
5.2402873039245605,0.02366286888718605,-0.0031225113198161125,-0.21946656703948975,0.0013076043212338533,0.00048422813415527344,0.0,0.0,-5.0,nan,nan,nan,nan,nan
5.250539779663086,0.02366286888718605,-0.0031225113198161125,-0.21946656703948975,0.0013076043212338533,0.0007228851318359375,0.0,0.0,-5.0,nan,nan,nan,nan,nan
5.26103138923645,0.02421031892299652,-0.004411561414599419,-0.27760863304138184,0.001197065137026896,0.0004603862762451172,0.0,0.0,-5.0,nan,nan,nan,nan,nan
5.270155906677246,0.02421031892299652,-0.004411561414599419,-0.27760863304138184,0.001197065137026896,0.0003941059112548828,0.0,0.0,-5.0,nan,nan,nan,nan,nan
5.280183792114258,0.02421031892299652,-0.004411561414599419,-0.27760863304138184,0.001197065137026896,0.0003972053527832031,0.0,0.0,-5.0,nan,nan,nan,nan,nan
5.2904369831085205,0.024695750325918198,-0.005671695806086063,-0.33673977851867676,0.001094634518886759,0.0008535385131835938,0.0,0.0,-5.0,nan,nan,nan,nan,nan
5.300348520278931,0.024695750325918198,-0.005671695806086063,-0.33673977851867676,0.001094634518886759,0.0005013942718505859,0.0,0.0,-5.0,nan,nan,nan,nan,nan
5.310909748077393,0.025140563026070595,-0.006896974053233862,-0.39660394191741943,0.0010049086134616121,0.0007410049438476562,0.0,0.0,-5.0,nan,nan,nan,nan,nan
5.320188522338867,0.025140563026070595,-0.006896974053233862,-0.39660394191741943,0.0010049086134616121,0.0005323886871337891,0.0,0.0,-5.0,nan,nan,nan,nan,nan
5.330299139022827,0.025140563026070595,-0.006896974053233862,-0.39660394191741943,0.0010049086134616121,0.0007493495941162109,0.0,0.0,-5.0,nan,nan,nan,nan,nan
5.3401548862457275,0.02541513741016388,-0.0076907845214009285,-0.4368189573287964,0.0009553154783047504,0.0005092620849609375,0.0,0.0,-5.0,nan,nan,nan,nan,nan
5.350230932235718,0.02541513741016388,-0.0076907845214009285,-0.4368189573287964,0.0009553154783047504,0.00043654441833496094,0.0,0.0,-5.0,nan,nan,nan,nan,nan
5.360408306121826,0.02600170485675335,-0.009594989009201527,-0.5385321378707886,0.0008555106482214182,0.00039196014404296875,0.0,0.0,-5.0,nan,nan,nan,nan,nan
5.370195627212524,0.02600170485675335,-0.009594989009201527,-0.5385321378707886,0.0008555106482214182,0.0007374286651611328,0.0,0.0,-5.0,nan,nan,nan,nan,nan
5.380193710327148,0.02600170485675335,-0.009594989009201527,-0.5385321378707886,0.0008555106482214182,0.00046253204345703125,0.0,0.0,-5.0,nan,nan,nan,nan,nan
5.390219211578369,0.026257436722517014,-0.010669520124793053,-0.6001408100128174,0.0008085659640311783,0.0004887580871582031,0.0,0.0,-5.0,nan,nan,nan,nan,nan
5.400321006774902,0.026257436722517014,-0.010669520124793053,-0.6001408100128174,0.0008085659640311783,0.00035190582275390625,0.0,0.0,-5.0,nan,nan,nan,nan,nan
5.410623550415039,0.02644714154303074,-0.011721383780241013,-0.6620709896087646,0.0007773311157439143,0.0006730556488037109,0.0,0.0,-5.0,nan,nan,nan,nan,nan
5.420209646224976,0.02644714154303074,-0.011721383780241013,-0.6620709896087646,0.0007773311157439143,0.0004305839538574219,0.0,0.0,-5.0,nan,nan,nan,nan,nan
5.430182695388794,0.02644714154303074,-0.011721383780241013,-0.6620709896087646,0.0007773311157439143,0.0004067420959472656,0.0,0.0,-5.0,nan,nan,nan,nan,nan
5.4401938915252686,0.026547344401478767,-0.012404780834913254,-0.703485369682312,0.0007540744778054148,0.0004942417144775391,0.0,0.0,-5.0,nan,nan,nan,nan,nan
5.45015811920166,0.026547344401478767,-0.012404780834913254,-0.703485369682312,0.0007540744778054148,0.000385284423828125,0.0,0.0,-5.0,nan,nan,nan,nan,nan
5.4609763622283936,0.026644259691238403,-0.013790789060294628,-0.7866911888122559,0.000745033522202317,0.0006041526794433594,0.0,0.0,-5.0,nan,nan,nan,nan,nan
5.470273017883301,0.026644259691238403,-0.013790789060294628,-0.7866911888122559,0.000745033522202317,0.0007016658782958984,0.0,0.0,-5.0,nan,nan,nan,nan,nan
5.4802939891815186,0.026644259691238403,-0.013790789060294628,-0.7866911888122559,0.000745033522202317,0.0006186962127685547,0.0,0.0,-5.0,nan,nan,nan,nan,nan
5.490243196487427,0.026619577780365944,-0.014789910987019539,-0.8493118286132812,0.0007471653469557195,0.0006818771362304688,0.0,0.0,-5.0,nan,nan,nan,nan,nan
5.500359058380127,0.026619577780365944,-0.014789910987019539,-0.8493118286132812,0.0007471653469557195,0.0003559589385986328,0.0,0.0,-5.0,nan,nan,nan,nan,nan
5.51092004776001,0.02654705010354519,-0.015729092061519623,-0.9120795726776123,-0.20591840842093018,0.0005965232849121094,0.0,0.0,-5.0,nan,nan,nan,nan,nan
5.52018928527832,0.02654705010354519,-0.015729092061519623,-0.9120795726776123,-0.20591840842093018,0.0005178451538085938,0.0,0.0,-5.0,nan,nan,nan,nan,nan
5.530309200286865,0.02654705010354519,-0.015729092061519623,-0.9120795726776123,-0.20591840842093018,0.0006351470947265625,0.0,0.0,-5.0,nan,nan,nan,nan,nan
5.540176630020142,0.026435790583491325,-0.016606196761131287,-0.9749698638916016,-0.20591145680221246,0.0005698204040527344,0.0,0.0,-5.0,nan,nan,nan,nan,nan
5.550523281097412,0.026435790583491325,-0.016606196761131287,-0.9749698638916016,-0.20591145680221246,0.0006132125854492188,0.0,0.0,-5.0,nan,nan,nan,nan,nan
5.56043815612793,0.02629307098686695,-0.01742294244468212,-1.0379717350006104,-0.20583667197130123,0.0003886222839355469,0.0,0.0,-5.0,nan,nan,nan,nan,nan
5.570223808288574,0.02629307098686695,-0.01742294244468212,-1.0379717350006104,-0.20583667197130123,0.0005631446838378906,0.0,0.0,-5.0,nan,nan,nan,nan,nan
5.580271482467651,0.02629307098686695,-0.01742294244468212,-1.0379717350006104,-0.20583667197130123,0.0005884170532226562,0.0,0.0,-5.0,nan,nan,nan,nan,nan
5.590224266052246,0.026040665805339813,-0.018395135179162025,-1.1221702098846436,-0.20502330510039918,0.0004572868347167969,0.0,0.0,-5.0,nan,nan,nan,nan,nan
5.600285530090332,0.026040665805339813,-0.018395135179162025,-1.1221702098846436,-0.20502330510039918,0.0003230571746826172,0.0,0.0,-5.0,nan,nan,nan,nan,nan
5.610484838485718,0.02581610158085823,-0.019076332449913025,-1.18532133102417,-0.20368907786452384,0.0005054473876953125,0.0,0.0,-5.0,nan,nan,nan,nan,nan
5.620158910751343,0.02581610158085823,-0.019076332449913025,-1.18532133102417,-0.20368907786452384,0.00036525726318359375,0.0,0.0,-5.0,nan,nan,nan,nan,nan
5.630293369293213,0.02581610158085823,-0.019076332449913025,-1.18532133102417,-0.20368907786452384,0.0005691051483154297,0.0,0.0,-5.0,nan,nan,nan,nan,nan
5.640174865722656,0.025666002184152603,-0.019499171525239944,-1.2273154258728027,-0.20246914197453797,0.00040912628173828125,0.0,0.0,-5.0,nan,nan,nan,nan,nan
5.650171995162964,0.025666002184152603,-0.019499171525239944,-1.2273154258728027,-0.20246914197453797,0.00039649009704589844,0.0,0.0,-5.0,nan,nan,nan,nan,nan
5.660660266876221,0.025292973965406418,-0.020249705761671066,-1.3108174800872803,-0.19911277313268708,0.0005311965942382812,0.0,0.0,-5.0,nan,nan,nan,nan,nan
5.670088052749634,0.025292973965406418,-0.020249705761671066,-1.3108174800872803,-0.19911277313268708,0.00030112266540527344,0.0,0.0,-5.0,nan,nan,nan,nan,nan
5.680458068847656,0.025292973965406418,-0.020249705761671066,-1.3108174800872803,-0.19911277313268708,0.0006842613220214844,0.0,0.0,-5.0,nan,nan,nan,nan,nan
5.690206527709961,0.024980301037430763,-0.020757822319865227,-1.3728106021881104,-0.19574000386606424,0.0003750324249267578,0.0,0.0,-5.0,nan,nan,nan,nan,nan
5.70039701461792,0.024980301037430763,-0.020757822319865227,-1.3728106021881104,-0.19574000386606424,0.0006458759307861328,0.0,0.0,-5.0,nan,nan,nan,nan,nan
5.710431098937988,0.024664081633090973,-0.02118966542184353,-1.4340927600860596,-0.19163401279994108,0.0004134178161621094,0.0,0.0,-5.0,nan,nan,nan,nan,nan
5.7202746868133545,0.024664081633090973,-0.02118966542184353,-1.4340927600860596,-0.19163401279994108,0.0005204677581787109,0.0,0.0,-5.0,nan,nan,nan,nan,nan
5.730353593826294,0.024664081633090973,-0.02118966542184353,-1.4340927600860596,-0.19163401279994108,0.0006842613220214844,0.0,0.0,-5.0,nan,nan,nan,nan,nan
5.740251541137695,0.024355456233024597,-0.021545534953475,-1.4945321083068848,-0.18681114183770892,0.0008046627044677734,0.0,0.0,-5.0,nan,nan,nan,nan,nan
5.750453472137451,0.024355456233024597,-0.021545534953475,-1.4945321083068848,-0.18681114183770892,0.0008144378662109375,0.0,0.0,-5.0,nan,nan,nan,nan,nan
5.761341571807861,0.02399003878235817,-0.021893933415412903,-1.5735666751861572,-0.1793224654569922,0.0006811618804931641,0.0,0.0,-5.0,nan,nan,nan,nan,nan
5.770245790481567,0.02399003878235817,-0.021893933415412903,-1.5735666751861572,-0.1793224654569922,0.0006272792816162109,0.0,0.0,-5.0,nan,nan,nan,nan,nan
5.780327558517456,0.02399003878235817,-0.021893933415412903,-1.5735666751861572,-0.1793224654569922,0.00075531005859375,0.0,0.0,-5.0,nan,nan,nan,nan,nan
5.79023814201355,0.023844078183174133,-0.022018784657120705,-1.61234712600708,-0.17516471578468448,0.0008182525634765625,0.0,0.0,-5.0,nan,nan,nan,nan,nan
5.800419569015503,0.023844078183174133,-0.022018784657120705,-1.61234712600708,-0.17516471578468448,0.0005981922149658203,0.0,0.0,-5.0,nan,nan,nan,nan,nan
5.810690879821777,0.023578915745019913,-0.02217908576130867,-1.6882898807525635,-0.16605958109467173,0.0006608963012695312,0.0,0.0,-5.0,nan,nan,nan,nan,nan
5.8202455043792725,0.023578915745019913,-0.02217908576130867,-1.6882898807525635,-0.16605958109467173,0.000934600830078125,0.0,0.0,-5.0,nan,nan,nan,nan,nan
5.830281019210815,0.023578915745019913,-0.02217908576130867,-1.6882898807525635,-0.16605958109467173,0.0006356239318847656,0.0,0.0,-5.0,nan,nan,nan,nan,nan
5.840217351913452,0.023438239470124245,-0.02220931090414524,-1.7254090309143066,-0.16116456402974855,0.0007617473602294922,0.0,0.0,-5.0,nan,nan,nan,nan,nan
5.850250244140625,0.023438239470124245,-0.02220931090414524,-1.7254090309143066,-0.16116456402974855,0.0005831718444824219,0.0,0.0,-5.0,nan,nan,nan,nan,nan
5.86103081703186,0.023112663999199867,-0.022140659391880035,-1.797872543334961,-0.15073231992751385,0.0006284713745117188,0.0,0.0,-5.0,nan,nan,nan,nan,nan
5.870212554931641,0.023112663999199867,-0.022140659391880035,-1.797872543334961,-0.15073231992751385,0.00054931640625,0.0,0.0,-5.0,nan,nan,nan,nan,nan
5.880309581756592,0.023112663999199867,-0.022140659391880035,-1.797872543334961,-0.15073231992751385,0.0006270408630371094,0.0,0.0,-5.0,nan,nan,nan,nan,nan
5.89024543762207,0.02291981689631939,-0.022016633301973343,-1.8331966400146484,-0.14523970678372922,0.0007531642913818359,0.0,0.0,-5.0,nan,nan,nan,nan,nan
5.900463581085205,0.02291981689631939,-0.022016633301973343,-1.8331966400146484,-0.14523970678372922,0.0006244182586669922,0.0,0.0,-5.0,nan,nan,nan,nan,nan
5.9106385707855225,0.02250002883374691,-0.021646806970238686,-1.9020586013793945,-0.133788734747334,0.0005824565887451172,0.0,0.0,-5.0,nan,nan,nan,nan,nan
5.920284032821655,0.02250002883374691,-0.021646806970238686,-1.9020586013793945,-0.133788734747334,0.0007653236389160156,0.0,0.0,-5.0,nan,nan,nan,nan,nan
5.9305009841918945,0.02250002883374691,-0.021646806970238686,-1.9020586013793945,-0.133788734747334,0.0006356239318847656,0.0,0.0,-5.0,nan,nan,nan,nan,nan
5.940276145935059,0.022148987278342247,-0.021265877410769463,-1.9520418643951416,-0.12486353141273325,0.0006914138793945312,0.0,0.0,-5.0,nan,nan,nan,nan,nan
5.950271129608154,0.022148987278342247,-0.021265877410769463,-1.9520418643951416,-0.12486353141273325,0.0005850791931152344,0.0,0.0,-5.0,nan,nan,nan,nan,nan
5.960745811462402,0.021781759336590767,-0.02082306332886219,-2.0006027221679688,-0.11571463478228092,0.0006873607635498047,0.0,0.0,-5.0,nan,nan,nan,nan,nan
5.970256805419922,0.021781759336590767,-0.02082306332886219,-2.0006027221679688,-0.11571463478228092,0.0006041526794433594,0.0,0.0,-5.0,nan,nan,nan,nan,nan
5.9802632331848145,0.021781759336590767,-0.02082306332886219,-2.0006027221679688,-0.11571463478228092,0.0005810260772705078,0.0,0.0,-5.0,nan,nan,nan,nan,nan
5.990211009979248,0.02139321155846119,-0.02031092345714569,-2.047623872756958,-0.10640489150438256,0.0004584789276123047,0.0,0.0,-5.0,nan,nan,nan,nan,nan
6.000249147415161,0.02139321155846119,-0.02031092345714569,-2.047623872756958,-0.10640489150438256,0.0002956390380859375,0.0,0.0,-5.0,nan,nan,nan,nan,nan
6.010628700256348,0.020987367257475853,-0.01976769231259823,-2.0932512283325195,-0.09696459789858865,0.00061798095703125,0.0,0.0,-5.0,nan,nan,nan,nan,nan
6.020151376724243,0.020987367257475853,-0.01976769231259823,-2.0932512283325195,-0.09696459789858865,0.0005548000335693359,0.0,0.0,-5.0,nan,nan,nan,nan,nan
6.030480146408081,0.020987367257475853,-0.01976769231259823,-2.0932512283325195,-0.09696459789858865,0.0007026195526123047,0.0,0.0,-5.0,nan,nan,nan,nan,nan
6.040236473083496,0.020561324432492256,-0.01920417696237564,-2.1375057697296143,-0.08747033199432705,0.000560760498046875,0.0,0.0,-5.0,nan,nan,nan,nan,nan
6.050283908843994,0.020561324432492256,-0.01920417696237564,-2.1375057697296143,-0.08747033199432705,0.0006792545318603516,0.0,0.0,-5.0,nan,nan,nan,nan,nan
6.060753107070923,0.01995551958680153,-0.018441978842020035,-2.1943602561950684,-0.07481281119730429,0.0006144046783447266,0.0,0.0,-5.0,nan,nan,nan,nan,nan
6.070618152618408,0.01995551958680153,-0.018441978842020035,-2.1943602561950684,-0.07481281119730429,0.0007543563842773438,0.0,0.0,-5.0,nan,nan,nan,nan,nan
6.080199718475342,0.01995551958680153,-0.018441978842020035,-2.1943602561950684,-0.07481281119730429,0.00047326087951660156,0.0,0.0,-5.0,nan,nan,nan,nan,nan
6.090176820755005,0.019640175625681877,-0.018055720254778862,-2.2218897342681885,-0.06852628383408174,0.0007469654083251953,0.0,0.0,-5.0,nan,nan,nan,nan,nan
6.10038948059082,0.019640175625681877,-0.018055720254778862,-2.2218897342681885,-0.06852628383408174,0.0005786418914794922,0.0,0.0,-5.0,nan,nan,nan,nan,nan
6.111203670501709,0.019008351489901543,-0.017291517928242683,-2.275174856185913,-0.05610606398548937,0.0006623268127441406,0.0,0.0,-5.0,nan,nan,nan,nan,nan
6.120229005813599,0.019008351489901543,-0.017291517928242683,-2.275174856185913,-0.05610606398548937,0.0005831718444824219,0.0,0.0,-5.0,nan,nan,nan,nan,nan
6.130219459533691,0.019008351489901543,-0.017291517928242683,-2.275174856185913,-0.05610606398548937,0.0004391670227050781,0.0,0.0,-5.0,nan,nan,nan,nan,nan
6.14046835899353,0.018536031246185303,-0.016749760136008263,-2.313588857650757,-0.046969627637496625,0.0007708072662353516,0.0,0.0,-5.0,nan,nan,nan,nan,nan
6.150253534317017,0.018536031246185303,-0.016749760136008263,-2.313588857650757,-0.046969627637496625,0.0007038116455078125,0.0,0.0,-5.0,nan,nan,nan,nan,nan
6.16090202331543,0.018219908699393272,-0.016399752348661423,-2.338557004928589,-0.04100927618268387,0.0005159378051757812,0.0,0.0,-5.0,nan,nan,nan,nan,nan
6.170145750045776,0.018219908699393272,-0.016399752348661423,-2.338557004928589,-0.04100927618268387,0.0003476142883300781,0.0,0.0,-5.0,nan,nan,nan,nan,nan
6.1802544593811035,0.018219908699393272,-0.016399752348661423,-2.338557004928589,-0.04100927618268387,0.0006053447723388672,0.0,0.0,-5.0,nan,nan,nan,nan,nan
6.19015908241272,0.017536457628011703,-0.01570289209485054,-2.3868343830108643,-0.029412384545282326,0.00043845176696777344,0.0,0.0,-5.0,nan,nan,nan,nan,nan
6.200340270996094,0.017536457628011703,-0.01570289209485054,-2.3868343830108643,-0.029412384545282326,0.0003483295440673828,0.0,0.0,-5.0,nan,nan,nan,nan,nan
6.210500955581665,0.016825122758746147,-0.014996171928942204,-2.4329993724823,-0.018353492132050342,0.0005059242248535156,0.0,0.0,-5.0,nan,nan,nan,nan,nan
6.220136404037476,0.016825122758746147,-0.014996171928942204,-2.4329993724823,-0.018353492132050342,0.000286102294921875,0.0,0.0,-5.0,nan,nan,nan,nan,nan
6.230524063110352,0.016825122758746147,-0.014996171928942204,-2.4329993724823,-0.018353492132050342,0.00045418739318847656,0.0,0.0,-5.0,nan,nan,nan,nan,nan
6.240180492401123,0.016472671180963516,-0.014637087471783161,-2.4553158283233643,-0.013063896748350269,0.0005364418029785156,0.0,0.0,-5.0,nan,nan,nan,nan,nan
6.250277042388916,0.016472671180963516,-0.014637087471783161,-2.4553158283233643,-0.013063896748350269,0.0006113052368164062,0.0,0.0,-5.0,nan,nan,nan,nan,nan
6.260684967041016,0.015768172219395638,-0.013922345824539661,-2.498471260070801,-0.002987532840373573,0.0005934238433837891,0.0,0.0,-5.0,nan,nan,nan,nan,nan
6.27023983001709,0.015768172219395638,-0.013922345824539661,-2.498471260070801,-0.002987532840373573,0.0006778240203857422,0.0,0.0,-5.0,nan,nan,nan,nan,nan
6.2802557945251465,0.015768172219395638,-0.013922345824539661,-2.498471260070801,-0.002987532840373573,0.0004858970642089844,0.0,0.0,-5.0,nan,nan,nan,nan,nan
6.290392160415649,0.015405254438519478,-0.013581261038780212,-2.519327402114868,0.001757935715184853,0.0007443428039550781,0.0,0.0,-5.0,nan,nan,nan,nan,nan
6.300400257110596,0.015405254438519478,-0.013581261038780212,-2.519327402114868,0.001757935715184853,0.0005707740783691406,0.0,0.0,-5.0,nan,nan,nan,nan,nan
6.310831785202026,0.01464317087084055,-0.012891873717308044,-2.5596580505371094,0.010653441015715647,0.0004496574401855469,0.0,0.0,-5.0,nan,nan,nan,nan,nan
6.320181131362915,0.01464317087084055,-0.012891873717308044,-2.5596580505371094,0.010653441015715647,0.00036787986755371094,0.0,0.0,-5.0,nan,nan,nan,nan,nan
6.3302459716796875,0.01464317087084055,-0.012891873717308044,-2.5596580505371094,0.010653441015715647,0.000431060791015625,0.0,0.0,-5.0,nan,nan,nan,nan,nan
6.340272903442383,0.014039400964975357,-0.01235856581479311,-2.5887351036071777,0.01681948699146963,0.000904083251953125,0.0,0.0,-5.0,nan,nan,nan,nan,nan
6.35021710395813,0.014039400964975357,-0.01235856581479311,-2.5887351036071777,0.01681948699146963,0.0007832050323486328,0.0,0.0,-5.0,nan,nan,nan,nan,nan
6.360891342163086,0.013416956178843975,-0.011817734688520432,-2.6168735027313232,0.022454782108851296,0.0007061958312988281,0.0,0.0,-5.0,nan,nan,nan,nan,nan
6.37019681930542,0.013416956178843975,-0.011817734688520432,-2.6168735027313232,0.022454782108851296,0.0006022453308105469,0.0,0.0,-5.0,nan,nan,nan,nan,nan
6.380351543426514,0.013416956178843975,-0.011817734688520432,-2.6168735027313232,0.022454782108851296,0.0007774829864501953,0.0,0.0,-5.0,nan,nan,nan,nan,nan
6.390225410461426,0.012775511480867863,-0.011269601993262768,-2.6440978050231934,0.02760405523987997,0.0009281635284423828,0.0,0.0,-5.0,nan,nan,nan,nan,nan
6.400397062301636,0.012775511480867863,-0.011269601993262768,-2.6440978050231934,0.02760405523987997,0.00037932395935058594,0.0,0.0,-5.0,nan,nan,nan,nan,nan
6.410361289978027,0.012129128910601139,-0.010725687257945538,-2.670358896255493,0.03226769762947697,0.00037789344787597656,0.0,0.0,-5.0,nan,nan,nan,nan,nan
6.420236110687256,0.012129128910601139,-0.010725687257945538,-2.670358896255493,0.03226769762947697,0.0005753040313720703,0.0,0.0,-5.0,nan,nan,nan,nan,nan
6.4302449226379395,0.012129128910601139,-0.010725687257945538,-2.670358896255493,0.03226769762947697,0.00048732757568359375,0.0,0.0,-5.0,nan,nan,nan,nan,nan
6.440329313278198,0.011465665884315968,-0.010211795568466187,-2.695899486541748,0.03637797800278713,0.0006237030029296875,0.0,0.0,-5.0,nan,nan,nan,nan,nan
6.450207710266113,0.011465665884315968,-0.010211795568466187,-2.695899486541748,0.03637797800278713,0.00041031837463378906,0.0,0.0,-5.0,nan,nan,nan,nan,nan
6.460298299789429,0.011465665884315968,-0.010211795568466187,-2.695899486541748,0.03637797800278713,0.0007500648498535156,0.0,0.0,-5.0,nan,nan,nan,nan,nan
6.470229625701904,0.010996242053806782,-0.009882871992886066,-2.71246337890625,0.03884046681589236,0.0005841255187988281,0.0,0.0,-5.0,nan,nan,nan,nan,nan
6.480295896530151,0.010996242053806782,-0.009882871992886066,-2.71246337890625,0.03884046681589236,0.000598907470703125,0.0,0.0,-5.0,nan,nan,nan,nan,nan
6.490334987640381,0.009761701337993145,-0.009205360896885395,-2.7524096965789795,0.0440918365911596,0.0009777545928955078,0.0,0.0,-5.0,nan,nan,nan,nan,nan
6.500640630722046,0.009761701337993145,-0.009205360896885395,-2.7524096965789795,0.0440918365911596,0.0006513595581054688,0.0,0.0,-5.0,nan,nan,nan,nan,nan
6.5105626583099365,0.009761701337993145,-0.009205360896885395,-2.7524096965789795,0.0440918365911596,0.0010237693786621094,0.0,0.0,-5.0,nan,nan,nan,nan,nan
6.520552635192871,0.009239689446985722,-0.008978866040706635,-2.767758369445801,0.045769489666246804,0.0008332729339599609,0.0,0.0,-5.0,nan,nan,nan,nan,nan
6.530453681945801,0.009239689446985722,-0.008978866040706635,-2.767758369445801,0.045769489666246804,0.0005834102630615234,0.0,0.0,-5.0,nan,nan,nan,nan,nan
6.540239095687866,0.008205665275454521,-0.008564542979001999,-2.797646999359131,0.04855305984143673,0.0005741119384765625,0.0,0.0,-5.0,nan,nan,nan,nan,nan
6.550488710403442,0.008205665275454521,-0.008564542979001999,-2.797646999359131,0.04855305984143673,0.0007085800170898438,0.0,0.0,-5.0,nan,nan,nan,nan,nan
6.560244560241699,0.008205665275454521,-0.008564542979001999,-2.797646999359131,0.04855305984143673,0.0005900859832763672,0.0,0.0,-5.0,nan,nan,nan,nan,nan
6.570315837860107,0.007693028077483177,-0.008375450037419796,-2.8121871948242188,0.04967249640366951,0.0008587837219238281,0.0,0.0,-5.0,nan,nan,nan,nan,nan
6.580223798751831,0.007693028077483177,-0.008375450037419796,-2.8121871948242188,0.04967249640366951,0.0004601478576660156,0.0,0.0,-5.0,nan,nan,nan,nan,nan
6.590141534805298,0.006642827298492193,-0.008114108815789223,-2.8403372764587402,0.051231315834502605,0.00041675567626953125,0.0,0.0,-5.0,nan,nan,nan,nan,nan
6.600291728973389,0.006642827298492193,-0.008114108815789223,-2.8403372764587402,0.051231315834502605,0.0003542900085449219,0.0,0.0,-5.0,nan,nan,nan,nan,nan
6.610602140426636,0.006126344669610262,-0.008012193255126476,-2.853991985321045,0.051744321023382486,0.00041484832763671875,0.0,0.0,-5.0,nan,nan,nan,nan,nan
6.620149374008179,0.006126344669610262,-0.008012193255126476,-2.853991985321045,0.051744321023382486,0.00036525726318359375,0.0,0.0,-5.0,nan,nan,nan,nan,nan
6.630545377731323,0.006126344669610262,-0.008012193255126476,-2.853991985321045,0.051744321023382486,0.0007476806640625,0.0,0.0,-5.0,nan,nan,nan,nan,nan
6.640131950378418,0.00510721281170845,-0.007861188612878323,-2.880618095397949,0.05225577856743581,0.0003857612609863281,0.0,0.0,-5.0,nan,nan,nan,nan,nan
6.6502039432525635,0.00510721281170845,-0.007861188612878323,-2.880618095397949,0.05225577856743581,0.0003681182861328125,0.0,0.0,-5.0,nan,nan,nan,nan,nan
6.660515069961548,0.0046065873466432095,-0.007809383794665337,-2.8935999870300293,0.052243634098743566,0.00042510032653808594,0.0,0.0,-5.0,nan,nan,nan,nan,nan
6.670166254043579,0.0046065873466432095,-0.007809383794665337,-2.8935999870300293,0.052243634098743566,0.0006012916564941406,0.0,0.0,-5.0,nan,nan,nan,nan,nan
6.6802754402160645,0.0046065873466432095,-0.007809383794665337,-2.8935999870300293,0.052243634098743566,0.0006358623504638672,0.0,0.0,-5.0,nan,nan,nan,nan,nan
6.690171003341675,0.0036119541618973017,-0.00783199816942215,-2.918825149536133,0.051797606481033646,0.0005362033843994141,0.0,0.0,-5.0,nan,nan,nan,nan,nan
6.700244665145874,0.0036119541618973017,-0.00783199816942215,-2.918825149536133,0.051797606481033646,0.0003027915954589844,0.0,0.0,-5.0,nan,nan,nan,nan,nan
6.710379362106323,0.0036119541618973017,-0.00783199816942215,-2.918825149536133,0.051797606481033646,0.0006659030914306641,0.0,0.0,-5.0,nan,nan,nan,nan,nan
6.720158100128174,0.0029243319295346737,-0.00786751788109541,-2.937213897705078,0.05109317480509658,0.00046563148498535156,0.0,0.0,-5.0,nan,nan,nan,nan,nan
6.730248928070068,0.0029243319295346737,-0.00786751788109541,-2.937213897705078,0.05109317480509658,0.0005125999450683594,0.0,0.0,-5.0,nan,nan,nan,nan,nan
6.740299701690674,0.00229153735563159,-0.007918529212474823,-2.9551539421081543,0.05005314717966466,0.0005257129669189453,0.0,0.0,-5.0,nan,nan,nan,nan,nan
6.750272989273071,0.00229153735563159,-0.007918529212474823,-2.9551539421081543,0.05005314717966466,0.0005173683166503906,0.0,0.0,-5.0,nan,nan,nan,nan,nan
6.760493993759155,0.001712269731797278,-0.007985677570104599,-2.9726614952087402,0.04873733428919766,0.0004127025604248047,0.0,0.0,-5.0,nan,nan,nan,nan,nan
6.770519018173218,0.001712269731797278,-0.007985677570104599,-2.9726614952087402,0.04873733428919766,0.0007948875427246094,0.0,0.0,-5.0,nan,nan,nan,nan,nan
6.780205249786377,0.001712269731797278,-0.007985677570104599,-2.9726614952087402,0.04873733428919766,0.00040984153747558594,0.0,0.0,-5.0,nan,nan,nan,nan,nan
6.790238618850708,0.0010749556822702289,-0.008076315745711327,-2.9953436851501465,0.046564644175741236,0.00047898292541503906,0.0,0.0,-5.0,nan,nan,nan,nan,nan
6.800567150115967,0.0010749556822702289,-0.008076315745711327,-2.9953436851501465,0.046564644175741236,0.0003361701965332031,0.0,0.0,-5.0,nan,nan,nan,nan,nan
6.811023950576782,0.0008288829121738672,-0.008102287538349628,-3.0064029693603516,0.04533365941506809,0.0005295276641845703,0.0,0.0,-5.0,nan,nan,nan,nan,nan
6.82016921043396,0.0008288829121738672,-0.008102287538349628,-3.0064029693603516,0.04533365941506809,0.00037169456481933594,0.0,0.0,-5.0,nan,nan,nan,nan,nan
6.83020281791687,0.0008288829121738672,-0.008102287538349628,-3.0064029693603516,0.04533365941506809,0.0004074573516845703,0.0,0.0,-5.0,nan,nan,nan,nan,nan
6.840185165405273,0.0003856003750115633,-0.008150903508067131,-3.0280637741088867,0.042650170902167384,0.0006685256958007812,0.0,0.0,-5.0,nan,nan,nan,nan,nan
6.850158214569092,0.0003856003750115633,-0.008150903508067131,-3.0280637741088867,0.042650170902167384,0.0003936290740966797,0.0,0.0,-5.0,nan,nan,nan,nan,nan
6.8608033657073975,0.00011661848111543804,-0.00818772055208683,-3.0438919067382812,0.04042060619788107,0.0005972385406494141,0.0,0.0,-5.0,nan,nan,nan,nan,nan
6.870150089263916,0.00011661848111543804,-0.00818772055208683,-3.0438919067382812,0.04042060619788107,0.0003566741943359375,0.0,0.0,-5.0,nan,nan,nan,nan,nan
6.88025975227356,0.00011661848111543804,-0.00818772055208683,-3.0438919067382812,0.04042060619788107,0.0004858970642089844,0.0,0.0,-5.0,nan,nan,nan,nan,nan
6.890151739120483,-0.00015015690587460995,-0.00824748259037733,-3.0644493103027344,0.03723753680034338,0.0005152225494384766,0.0,0.0,-5.0,nan,nan,nan,nan,nan
6.9003822803497314,-0.00015015690587460995,-0.00824748259037733,-3.0644493103027344,0.03723753680034338,0.0003590583801269531,0.0,0.0,-5.0,nan,nan,nan,nan,nan
6.91040563583374,-0.00024965073680505157,-0.008286791853606701,-3.0744972229003906,0.03556875669270059,0.0004036426544189453,0.0,0.0,-5.0,nan,nan,nan,nan,nan
6.920296907424927,-0.00024965073680505157,-0.008286791853606701,-3.0744972229003906,0.03556875669270059,0.0009191036224365234,0.0,0.0,-5.0,nan,nan,nan,nan,nan
6.930271148681641,-0.00024965073680505157,-0.008286791853606701,-3.0744972229003906,0.03556875669270059,0.0006411075592041016,0.0,0.0,-5.0,nan,nan,nan,nan,nan
6.940248012542725,-0.0004017803876195103,-0.008426674641668797,-3.094168186187744,0.03214011377532032,0.0005512237548828125,0.0,0.0,-5.0,nan,nan,nan,nan,nan
6.951103925704956,-0.0004017803876195103,-0.008426674641668797,-3.094168186187744,0.03214011377532032,0.0016489028930664062,0.0,0.0,-5.0,nan,nan,nan,nan,nan
6.961584806442261,-0.0004017803876195103,-0.008426674641668797,-3.094168186187744,0.03214011377532032,0.0031244754791259766,0.0,0.0,-5.0,nan,nan,nan,nan,nan
6.970813751220703,-0.00047352875117212534,-0.008500720374286175,-3.1038293838500977,0.030398009768374545,0.0016596317291259766,0.0,0.0,-5.0,nan,nan,nan,nan,nan
6.980715274810791,-0.00047352875117212534,-0.008500720374286175,-3.1038293838500977,0.030398009768374545,0.0015535354614257812,0.0,0.0,-5.0,nan,nan,nan,nan,nan
6.990260601043701,-0.0005206679343245924,-0.008593316189944744,-3.1133174896240234,0.02864003055488855,0.0006124973297119141,0.0,0.0,-5.0,nan,nan,nan,nan,nan
7.000615119934082,-0.0005206679343245924,-0.008593316189944744,-3.1133174896240234,0.02864003055488855,0.0007309913635253906,0.0,0.0,-5.0,nan,nan,nan,nan,nan
7.010822534561157,-0.0005206679343245924,-0.008593316189944744,-3.1133174896240234,0.02864003055488855,0.0010542869567871094,0.0,0.0,-5.0,nan,nan,nan,nan,nan
7.020509958267212,-0.0005949343903921545,-0.00877298228442669,-3.1319384574890137,0.025091912066902002,0.0006680488586425781,0.0,0.0,-5.0,nan,nan,nan,nan,nan
7.030661344528198,-0.0005949343903921545,-0.00877298228442669,-3.1319384574890137,0.025091912066902002,0.001210927963256836,0.0,0.0,-5.0,nan,nan,nan,nan,nan
7.040353536605835,-0.000631850678473711,-0.008907213807106018,-3.145571231842041,0.022423568859759553,0.0007646083831787109,0.0,0.0,-5.0,nan,nan,nan,nan,nan
7.050520181655884,-0.000631850678473711,-0.008907213807106018,-3.145571231842041,0.022423568859759553,0.0012087821960449219,0.0,0.0,-5.0,nan,nan,nan,nan,nan
7.060884952545166,-0.0006693978211842477,-0.009037245996296406,-3.1589231491088867,0.01978844903810585,0.0006971359252929688,0.0,0.0,-5.0,nan,nan,nan,nan,nan
7.070514440536499,-0.0006693978211842477,-0.009037245996296406,-3.1589231491088867,0.01978844903810585,0.001018524169921875,0.0,0.0,-5.0,nan,nan,nan,nan,nan
7.080374002456665,-0.0006693978211842477,-0.009037245996296406,-3.1589231491088867,0.01978844903810585,0.0009925365447998047,0.0,0.0,-5.0,nan,nan,nan,nan,nan
7.090304374694824,-0.0007141052628867328,-0.009149939753115177,-3.171947956085205,0.01718307296682712,0.0008656978607177734,0.0,0.0,-5.0,nan,nan,nan,nan,nan
7.100686311721802,-0.0007141052628867328,-0.009149939753115177,-3.171947956085205,0.01718307296682712,0.0006823539733886719,0.0,0.0,-5.0,nan,nan,nan,nan,nan
7.110791921615601,-0.0007880969205871224,-0.009247415699064732,-3.188882827758789,0.013790955107193886,0.0007970333099365234,0.0,0.0,-5.0,nan,nan,nan,nan,nan
7.120485782623291,-0.0007880969205871224,-0.009247415699064732,-3.188882827758789,0.013790955107193886,0.0013070106506347656,0.0,0.0,-5.0,nan,nan,nan,nan,nan
7.130324125289917,-0.0007880969205871224,-0.009247415699064732,-3.188882827758789,0.013790955107193886,0.0008103847503662109,0.0,0.0,-5.0,nan,nan,nan,nan,nan
7.140445709228516,-0.0008182214223779738,-0.009284839034080505,-3.1971821784973145,0.012134710518114766,0.0008575916290283203,0.0,0.0,-5.0,nan,nan,nan,nan,nan
7.150493383407593,-0.0008182214223779738,-0.009284839034080505,-3.1971821784973145,0.012134710518114766,0.0008542537689208984,0.0,0.0,-5.0,nan,nan,nan,nan,nan
7.161067247390747,-0.0008561473805457354,-0.009357104077935219,-3.213449478149414,0.00893392144980281,0.0005364418029785156,0.0,0.0,-5.0,nan,nan,nan,nan,nan
7.170340299606323,-0.0008561473805457354,-0.009357104077935219,-3.213449478149414,0.00893392144980281,0.0006830692291259766,0.0,0.0,-5.0,nan,nan,nan,nan,nan
7.18045973777771,-0.0008561473805457354,-0.009357104077935219,-3.213449478149414,0.00893392144980281,0.0005176067352294922,0.0,0.0,-5.0,nan,nan,nan,nan,nan
7.190301418304443,-0.000877013080753386,-0.009416697546839714,-3.22536563873291,0.006635558519625,0.0007026195526123047,0.0,0.0,-5.0,nan,nan,nan,nan,nan
7.200935125350952,-0.000877013080753386,-0.009416697546839714,-3.22536563873291,0.006635558519625,0.0008244514465332031,0.0,0.0,-5.0,nan,nan,nan,nan,nan
7.2103235721588135,-0.000877013080753386,-0.009416697546839714,-3.22536563873291,0.006635558519625,0.000736236572265625,0.0,0.0,-5.0,nan,nan,nan,nan,nan
7.220451593399048,-0.000875125580932945,-0.009455203078687191,-3.236990451812744,0.004440768647127816,0.0009741783142089844,0.0,0.0,-5.0,nan,nan,nan,nan,nan
7.230524301528931,-0.000875125580932945,-0.009455203078687191,-3.236990451812744,0.004440768647127816,0.000865936279296875,0.0,0.0,-5.0,nan,nan,nan,nan,nan
7.240165948867798,-0.0008606045739725232,-0.009469417855143547,-3.2484073638916016,0.002337514436637078,0.000453948974609375,0.0,0.0,-5.0,nan,nan,nan,nan,nan
7.250327110290527,-0.0008606045739725232,-0.009469417855143547,-3.2484073638916016,0.002337514436637078,0.0005092620849609375,0.0,0.0,-5.0,nan,nan,nan,nan,nan
7.260509490966797,-0.000772884173784405,-0.009455426596105099,-3.263319969177246,-0.0003025847478653615,0.00045871734619140625,0.0,0.0,-5.0,nan,nan,nan,nan,nan
7.27029013633728,-0.000772884173784405,-0.009455426596105099,-3.263319969177246,-0.0003025847478653615,0.0007159709930419922,0.0,0.0,-5.0,nan,nan,nan,nan,nan
7.280268907546997,-0.000772884173784405,-0.009455426596105099,-3.263319969177246,-0.0003025847478653615,0.0005545616149902344,0.0,0.0,-5.0,nan,nan,nan,nan,nan
7.290228366851807,-0.0007029917906038463,-0.00943825114518404,-3.270620346069336,-0.001522733260270144,0.0007164478302001953,0.0,0.0,-5.0,nan,nan,nan,nan,nan
7.300428152084351,-0.0007029917906038463,-0.00943825114518404,-3.270620346069336,-0.001522733260270144,0.0004074573516845703,0.0,0.0,-5.0,nan,nan,nan,nan,nan
7.311054468154907,-0.0004563446855172515,-0.00940275564789772,-3.2849183082580566,-0.0038171390883291506,0.0004971027374267578,0.0,0.0,-5.0,nan,nan,nan,nan,nan
7.320258617401123,-0.0004563446855172515,-0.00940275564789772,-3.2849183082580566,-0.0038171390883291506,0.0005319118499755859,0.0,0.0,-5.0,nan,nan,nan,nan,nan
7.3302576541900635,-0.0004563446855172515,-0.00940275564789772,-3.2849183082580566,-0.0038171390883291506,0.0004737377166748047,0.0,0.0,-5.0,nan,nan,nan,nan,nan
7.340288877487183,-0.00028091372223570943,-0.009379730559885502,-3.291916847229004,-0.00488272518069698,0.0006706714630126953,0.0,0.0,-5.0,nan,nan,nan,nan,nan
7.3503007888793945,-0.00028091372223570943,-0.009379730559885502,-3.291916847229004,-0.00488272518069698,0.0006105899810791016,0.0,0.0,-5.0,nan,nan,nan,nan,nan
7.360562086105347,0.00016231225163210183,-0.009308618493378162,-3.30562686920166,-0.006831945187789332,0.0005924701690673828,0.0,0.0,-5.0,nan,nan,nan,nan,nan
7.370216608047485,0.00016231225163210183,-0.009308618493378162,-3.30562686920166,-0.006831945187789332,0.0004699230194091797,0.0,0.0,-5.0,nan,nan,nan,nan,nan
7.380247354507446,0.00016231225163210183,-0.009308618493378162,-3.30562686920166,-0.006831945187789332,0.00045037269592285156,0.0,0.0,-5.0,nan,nan,nan,nan,nan
7.390152931213379,0.0005426780553534627,-0.009227083064615726,-3.3156890869140625,-0.008144953790042844,0.0004665851593017578,0.0,0.0,-5.0,nan,nan,nan,nan,nan
7.400429725646973,0.0005426780553534627,-0.009227083064615726,-3.3156890869140625,-0.008144953790042844,0.00041103363037109375,0.0,0.0,-5.0,nan,nan,nan,nan,nan
7.410758018493652,0.0008436787175014615,-0.009150693193078041,-3.322274684906006,-0.008943545458024293,0.0005435943603515625,0.0,0.0,-5.0,nan,nan,nan,nan,nan
7.4202561378479,0.0008436787175014615,-0.009150693193078041,-3.322274684906006,-0.008943545458024293,0.0007607936859130859,0.0,0.0,-5.0,nan,nan,nan,nan,nan
7.4303505420684814,0.0008436787175014615,-0.009150693193078041,-3.322274684906006,-0.008943545458024293,0.0007085800170898438,0.0,0.0,-5.0,nan,nan,nan,nan,nan
7.440301179885864,0.0014351935824379325,-0.008954267017543316,-3.3352432250976562,-0.010367443073239859,0.0007476806640625,0.0,0.0,-5.0,nan,nan,nan,nan,nan
7.450361728668213,0.0014351935824379325,-0.008954267017543316,-3.3352432250976562,-0.010367443073239859,0.0008082389831542969,0.0,0.0,-5.0,nan,nan,nan,nan,nan
7.460610389709473,0.0020599353592842817,-0.008682589046657085,-3.3479208946228027,-0.011583903824065378,0.0005426406860351562,0.0,0.0,-5.0,nan,nan,nan,nan,nan
7.470711946487427,0.0020599353592842817,-0.008682589046657085,-3.3479208946228027,-0.011583903824065378,0.0006935596466064453,0.0,0.0,-5.0,nan,nan,nan,nan,nan
7.480313539505005,0.0020599353592842817,-0.008682589046657085,-3.3479208946228027,-0.011583903824065378,0.0005788803100585938,0.0,0.0,-5.0,nan,nan,nan,nan,nan
7.490314722061157,0.0023779403418302536,-0.008523701690137386,-3.3541617393493652,-0.012103518269348022,0.000728607177734375,0.0,0.0,-5.0,nan,nan,nan,nan,nan
7.500374794006348,0.0023779403418302536,-0.008523701690137386,-3.3541617393493652,-0.012103518269348022,0.0003590583801269531,0.0,0.0,-5.0,nan,nan,nan,nan,nan
7.510698318481445,0.002712363377213478,-0.00834551639854908,-3.3603177070617676,-0.012577247292600941,0.0006444454193115234,0.0,0.0,-5.0,nan,nan,nan,nan,nan
7.5202062129974365,0.002712363377213478,-0.00834551639854908,-3.3603177070617676,-0.012577247292600941,0.0005519390106201172,0.0,0.0,-5.0,nan,nan,nan,nan,nan
7.53030800819397,0.002712363377213478,-0.00834551639854908,-3.3603177070617676,-0.012577247292600941,0.0006568431854248047,0.0,0.0,-5.0,nan,nan,nan,nan,nan
7.540211200714111,0.0034140399657189846,-0.007951020263135433,-3.3723812103271484,-0.013368442376781357,0.0005061626434326172,0.0,0.0,-5.0,nan,nan,nan,nan,nan
7.550205707550049,0.0034140399657189846,-0.007951020263135433,-3.3723812103271484,-0.013368442376781357,0.0004508495330810547,0.0,0.0,-5.0,nan,nan,nan,nan,nan
7.560474634170532,0.004131730645895004,-0.007561999373137951,-3.384185314178467,-0.013956320110353155,0.000400543212890625,0.0,0.0,-5.0,nan,nan,nan,nan,nan
7.570142507553101,0.004131730645895004,-0.007561999373137951,-3.384185314178467,-0.013956320110353155,0.00041365623474121094,0.0,0.0,-5.0,nan,nan,nan,nan,nan
7.580267667770386,0.004131730645895004,-0.007561999373137951,-3.384185314178467,-0.013956320110353155,0.0005054473876953125,0.0,0.0,-5.0,nan,nan,nan,nan,nan
7.590110540390015,0.004496246110647917,-0.007382424082607031,-3.3899850845336914,-0.014179129850410033,0.0004227161407470703,0.0,0.0,-5.0,nan,nan,nan,nan,nan
7.600238084793091,0.004496246110647917,-0.007382424082607031,-3.3899850845336914,-0.014179129850410033,0.00029921531677246094,0.0,0.0,-5.0,nan,nan,nan,nan,nan
7.610930681228638,0.005052429623901844,-0.007154194638133049,-3.39857816696167,-0.014420698089191261,0.00045108795166015625,0.0,0.0,-5.0,nan,nan,nan,nan,nan
7.620118856430054,0.005052429623901844,-0.007154194638133049,-3.39857816696167,-0.014420698089191261,0.0003180503845214844,0.0,0.0,-5.0,nan,nan,nan,nan,nan
7.6302525997161865,0.005052429623901844,-0.007154194638133049,-3.39857816696167,-0.014420698089191261,0.00045561790466308594,0.0,0.0,-5.0,nan,nan,nan,nan,nan
7.640118837356567,0.005774936638772488,-0.0069251591339707375,-3.4098472595214844,-0.01455715324025639,0.00040912628173828125,0.0,0.0,-5.0,nan,nan,nan,nan,nan
7.6502532958984375,0.005774936638772488,-0.0069251591339707375,-3.4098472595214844,-0.01455715324025639,0.0004551410675048828,0.0,0.0,-5.0,nan,nan,nan,nan,nan
7.660315752029419,0.006490562576800585,-0.006785227917134762,-3.420867443084717,-0.014554289788221035,0.0003535747528076172,0.0,0.0,-5.0,nan,nan,nan,nan,nan
7.670183181762695,0.006490562576800585,-0.006785227917134762,-3.420867443084717,-0.014554289788221035,0.00045228004455566406,0.0,0.0,-5.0,nan,nan,nan,nan,nan
7.680366516113281,0.006490562576800585,-0.006785227917134762,-3.420867443084717,-0.014554289788221035,0.0004987716674804688,0.0,0.0,-5.0,nan,nan,nan,nan,nan
7.69020414352417,0.006844047922641039,-0.006731767673045397,-3.4262962341308594,-0.014483547109281897,0.00047016143798828125,0.0,0.0,-5.0,nan,nan,nan,nan,nan
7.700185537338257,0.006844047922641039,-0.006731767673045397,-3.4262962341308594,-0.014483547109281897,0.00032520294189453125,0.0,0.0,-5.0,nan,nan,nan,nan,nan
7.710576295852661,0.0072276103310287,-0.006712398957461119,-3.4316320419311523,-0.014383100863424947,0.0005559921264648438,0.0,0.0,-5.0,nan,nan,nan,nan,nan
7.720203638076782,0.0072276103310287,-0.006712398957461119,-3.4316320419311523,-0.014383100863424947,0.0004525184631347656,0.0,0.0,-5.0,nan,nan,nan,nan,nan
7.730181932449341,0.0072276103310287,-0.006712398957461119,-3.4316320419311523,-0.014383100863424947,0.0003879070281982422,0.0,0.0,-5.0,nan,nan,nan,nan,nan
7.740386247634888,0.007982582785189152,-0.006681130267679691,-3.4421610832214355,-0.014065108199616736,0.0005526542663574219,0.0,0.0,-5.0,nan,nan,nan,nan,nan
7.750169038772583,0.007982582785189152,-0.006681130267679691,-3.4421610832214355,-0.014065108199616736,0.0005035400390625,0.0,0.0,-5.0,nan,nan,nan,nan,nan
7.760823965072632,0.008528415113687515,-0.006660413462668657,-3.449936866760254,-0.013759087468435027,0.0005359649658203125,0.0,0.0,-5.0,nan,nan,nan,nan,nan
7.770132780075073,0.008528415113687515,-0.006660413462668657,-3.449936866760254,-0.013759087468435027,0.00048661231994628906,0.0,0.0,-5.0,nan,nan,nan,nan,nan
7.780283451080322,0.008528415113687515,-0.006660413462668657,-3.449936866760254,-0.013759087468435027,0.0007040500640869141,0.0,0.0,-5.0,nan,nan,nan,nan,nan
7.790165901184082,0.00932044256478548,-0.0067123714834451675,-3.4600672721862793,-0.013269806223073916,0.0005223751068115234,0.0,0.0,-5.0,nan,nan,nan,nan,nan
7.800300598144531,0.00932044256478548,-0.0067123714834451675,-3.4600672721862793,-0.013269806223073916,0.0003364086151123047,0.0,0.0,-5.0,nan,nan,nan,nan,nan
7.810574054718018,0.00975217018276453,-0.0067764208652079105,-3.465015411376953,-0.012982672309784135,0.0004889965057373047,0.0,0.0,-5.0,nan,nan,nan,nan,nan
7.820145606994629,0.00975217018276453,-0.0067764208652079105,-3.465015411376953,-0.012982672309784135,0.0005667209625244141,0.0,0.0,-5.0,nan,nan,nan,nan,nan
7.830296516418457,0.00975217018276453,-0.0067764208652079105,-3.465015411376953,-0.012982672309784135,0.0005559921264648438,0.0,0.0,-5.0,nan,nan,nan,nan,nan
7.840214967727661,0.010575860738754272,-0.006912785582244396,-3.474740505218506,-0.012338526719089079,0.0007114410400390625,0.0,0.0,-5.0,nan,nan,nan,nan,nan
7.850299596786499,0.010575860738754272,-0.006912785582244396,-3.474740505218506,-0.012338526719089079,0.0006532669067382812,0.0,0.0,-5.0,nan,nan,nan,nan,nan
7.860613584518433,0.010969303548336029,-0.00698417704552412,-3.4795217514038086,-0.011984621898139008,0.00038123130798339844,0.0,0.0,-5.0,nan,nan,nan,nan,nan
7.870224952697754,0.010969303548336029,-0.00698417704552412,-3.4795217514038086,-0.011984621898139008,0.0006883144378662109,0.0,0.0,-5.0,nan,nan,nan,nan,nan
7.880313158035278,0.010969303548336029,-0.00698417704552412,-3.4795217514038086,-0.011984621898139008,0.0007266998291015625,0.0,0.0,-5.0,nan,nan,nan,nan,nan
7.890215158462524,0.011782307177782059,-0.00716946879401803,-3.4888463020324707,-0.011211720466544658,0.0004444122314453125,0.0,0.0,-5.0,nan,nan,nan,nan,nan
7.900314092636108,0.011782307177782059,-0.00716946879401803,-3.4888463020324707,-0.011211720466544658,0.0003521442413330078,0.0,0.0,-5.0,nan,nan,nan,nan,nan
7.910435199737549,0.012392922304570675,-0.007394601125270128,-3.4956531524658203,-0.010597928706494453,0.00036215782165527344,0.0,0.0,-5.0,nan,nan,nan,nan,nan
7.920176029205322,0.012392922304570675,-0.007394601125270128,-3.4956531524658203,-0.010597928706494453,0.0004029273986816406,0.0,0.0,-5.0,nan,nan,nan,nan,nan
7.930206775665283,0.012392922304570675,-0.007394601125270128,-3.4956531524658203,-0.010597928706494453,0.0003974437713623047,0.0,0.0,-5.0,nan,nan,nan,nan,nan
7.940301179885864,0.012996289879083633,-0.007662080693989992,-3.5023183822631836,-0.009968296643447007,0.0005044937133789062,0.0,0.0,-5.0,nan,nan,nan,nan,nan
7.95016884803772,0.012996289879083633,-0.007662080693989992,-3.5023183822631836,-0.009968296643447007,0.00039124488830566406,0.0,0.0,-5.0,nan,nan,nan,nan,nan
7.9606053829193115,0.01359260268509388,-0.00795265194028616,-3.508852958679199,-0.009316406269205636,0.0004639625549316406,0.0,0.0,-5.0,nan,nan,nan,nan,nan
7.970221042633057,0.01359260268509388,-0.00795265194028616,-3.508852958679199,-0.009316406269205636,0.0005025863647460938,0.0,0.0,-5.0,nan,nan,nan,nan,nan
7.98032021522522,0.01359260268509388,-0.00795265194028616,-3.508852958679199,-0.009316406269205636,0.0005323886871337891,0.0,0.0,-5.0,nan,nan,nan,nan,nan
7.99017596244812,0.01418020948767662,-0.008252798579633236,-3.5152673721313477,-0.008663714337786683,0.0004405975341796875,0.0,0.0,-5.0,nan,nan,nan,nan,nan
8.000344514846802,0.01418020948767662,-0.008252798579633236,-3.5152673721313477,-0.008663714337786683,0.0005147457122802734,0.0,0.0,-5.0,nan,nan,nan,nan,nan
8.010960817337036,0.014772376976907253,-0.008554535917937756,-3.5214900970458984,-0.007989645669009348,0.0004839897155761719,0.0,0.0,-5.0,nan,nan,nan,nan,nan
8.020151615142822,0.014772376976907253,-0.008554535917937756,-3.5214900970458984,-0.007989645669009348,0.0004124641418457031,0.0,0.0,-5.0,nan,nan,nan,nan,nan
8.030240774154663,0.014772376976907253,-0.008554535917937756,-3.5214900970458984,-0.007989645669009348,0.0004506111145019531,0.0,0.0,-5.0,nan,nan,nan,nan,nan
8.040143728256226,0.015500664710998535,-0.008946836926043034,-3.5296497344970703,-0.0070714748758280875,0.0004584789276123047,0.0,0.0,-5.0,nan,nan,nan,nan,nan
8.05024242401123,0.015500664710998535,-0.008946836926043034,-3.5296497344970703,-0.0070714748758280875,0.0004172325134277344,0.0,0.0,-5.0,nan,nan,nan,nan,nan
8.060544967651367,0.01584099419414997,-0.009140478447079659,-3.5336546897888184,-0.00661212164377383,0.00039577484130859375,0.0,0.0,-5.0,nan,nan,nan,nan,nan
8.070216655731201,0.01584099419414997,-0.009140478447079659,-3.5336546897888184,-0.00661212164377383,0.0005238056182861328,0.0,0.0,-5.0,nan,nan,nan,nan,nan
8.080297231674194,0.01584099419414997,-0.009140478447079659,-3.5336546897888184,-0.00661212164377383,0.0006151199340820312,0.0,0.0,-5.0,nan,nan,nan,nan,nan
8.090191841125488,0.01643533818423748,-0.009589716792106628,-3.541417121887207,-0.005706278240527228,0.00043201446533203125,0.0,0.0,-5.0,nan,nan,nan,nan,nan
8.100261449813843,0.01643533818423748,-0.009589716792106628,-3.541417121887207,-0.005706278240527228,0.00038361549377441406,0.0,0.0,-5.0,nan,nan,nan,nan,nan
8.110523462295532,0.016728578135371208,-0.009839098900556564,-3.5451931953430176,-0.0052605669359139205,0.0004394054412841797,0.0,0.0,-5.0,nan,nan,nan,nan,nan
8.12017297744751,0.016728578135371208,-0.009839098900556564,-3.5451931953430176,-0.0052605669359139205,0.0006823539733886719,0.0,0.0,-5.0,nan,nan,nan,nan,nan
8.130252599716187,0.016728578135371208,-0.009839098900556564,-3.5451931953430176,-0.0052605669359139205,0.0005929470062255859,0.0,0.0,-5.0,nan,nan,nan,nan,nan
8.140326499938965,0.017262954264879227,-0.010331925936043262,-3.552611827850342,-0.004385791670713289,0.0009894371032714844,0.0,0.0,-5.0,nan,nan,nan,nan,nan
8.15022087097168,0.017262954264879227,-0.010331925936043262,-3.552611827850342,-0.004385791670713289,0.0005984306335449219,0.0,0.0,-5.0,nan,nan,nan,nan,nan
8.160772323608398,0.017625592648983,-0.010691195726394653,-3.5580391883850098,-0.0037429404128326545,0.0007982254028320312,0.0,0.0,-5.0,nan,nan,nan,nan,nan
8.170215368270874,0.017625592648983,-0.010691195726394653,-3.5580391883850098,-0.0037429404128326545,0.0007672309875488281,0.0,0.0,-5.0,nan,nan,nan,nan,nan
8.180315256118774,0.017625592648983,-0.010691195726394653,-3.5580391883850098,-0.0037429404128326545,0.0007183551788330078,0.0,0.0,-5.0,nan,nan,nan,nan,nan
8.190154552459717,0.018075739964842796,-0.011116506531834602,-3.565124988555908,-0.0029213823051423915,0.0004200935363769531,0.0,0.0,-5.0,nan,nan,nan,nan,nan
8.200270175933838,0.018075739964842796,-0.011116506531834602,-3.565124988555908,-0.0029213823051423915,0.0003325939178466797,0.0,0.0,-5.0,nan,nan,nan,nan,nan
8.210455656051636,0.01829652488231659,-0.011293482966721058,-3.5686254501342773,-0.0025336501800719722,0.0004899501800537109,0.0,0.0,-5.0,nan,nan,nan,nan,nan
8.220174312591553,0.01829652488231659,-0.011293482966721058,-3.5686254501342773,-0.0025336501800719722,0.0005879402160644531,0.0,0.0,-5.0,nan,nan,nan,nan,nan
8.230335712432861,0.01829652488231659,-0.011293482966721058,-3.5686254501342773,-0.0025336501800719722,0.0009202957153320312,0.0,0.0,-5.0,nan,nan,nan,nan,nan
8.24021029472351,0.018697768449783325,-0.01154819130897522,-3.575530529022217,-0.0017827657584773078,0.0006842613220214844,0.0,0.0,-5.0,nan,nan,nan,nan,nan
8.250285387039185,0.018697768449783325,-0.01154819130897522,-3.575530529022217,-0.0017827657584773078,0.00045680999755859375,0.0,0.0,-5.0,nan,nan,nan,nan,nan
8.260448694229126,0.018886735662817955,-0.01162439864128828,-3.5789365768432617,-0.0014204599658460507,0.00035071372985839844,0.0,0.0,-5.0,nan,nan,nan,nan,nan
8.270270347595215,0.018886735662817955,-0.01162439864128828,-3.5789365768432617,-0.0014204599658460507,0.0005409717559814453,0.0,0.0,-5.0,nan,nan,nan,nan,nan
8.280229568481445,0.018886735662817955,-0.01162439864128828,-3.5789365768432617,-0.0014204599658460507,0.0005028247833251953,0.0,0.0,-5.0,nan,nan,nan,nan,nan
8.290204524993896,0.01923583447933197,-0.01170283742249012,-3.5856943130493164,-0.0007445669350460419,0.00044989585876464844,0.0,0.0,-5.0,nan,nan,nan,nan,nan
8.300320625305176,0.01923583447933197,-0.01170283742249012,-3.5856943130493164,-0.0007445669350460419,0.0003962516784667969,0.0,0.0,-5.0,nan,nan,nan,nan,nan
8.310481071472168,0.01949983648955822,-0.011667778715491295,-3.5907044410705566,-0.0002473219449874198,0.0003826618194580078,0.0,0.0,-5.0,nan,nan,nan,nan,nan
8.320213556289673,0.01949983648955822,-0.011667778715491295,-3.5907044410705566,-0.0002473219449874198,0.0004937648773193359,0.0,0.0,-5.0,nan,nan,nan,nan,nan
8.330188035964966,0.01949983648955822,-0.011667778715491295,-3.5907044410705566,-0.0002473219449874198,0.0003952980041503906,0.0,0.0,-5.0,nan,nan,nan,nan,nan
8.340228796005249,0.019756708294153214,-0.011582523584365845,-3.595655918121338,0.0001895265247370317,0.0008225440979003906,0.0,0.0,-5.0,nan,nan,nan,nan,nan
8.350233554840088,0.019756708294153214,-0.011582523584365845,-3.595655918121338,0.0001895265247370317,0.0005631446838378906,0.0,0.0,-5.0,nan,nan,nan,nan,nan
8.360784769058228,0.01998499035835266,-0.011437645182013512,-3.600552558898926,0.0005986835416127404,0.0007414817810058594,0.0,0.0,-5.0,nan,nan,nan,nan,nan
8.37018346786499,0.01998499035835266,-0.011437645182013512,-3.600552558898926,0.0005986835416127404,0.0005381107330322266,0.0,0.0,-5.0,nan,nan,nan,nan,nan
8.380311489105225,0.01998499035835266,-0.011437645182013512,-3.600552558898926,0.0005986835416127404,0.0007126331329345703,0.0,0.0,-5.0,nan,nan,nan,nan,nan
8.390218496322632,0.020166613161563873,-0.011227067559957504,-3.605398654937744,0.000982395627022256,0.00045990943908691406,0.0,0.0,-5.0,nan,nan,nan,nan,nan
8.400237798690796,0.020166613161563873,-0.011227067559957504,-3.605398654937744,0.000982395627022256,0.0002942085266113281,0.0,0.0,-5.0,nan,nan,nan,nan,nan
8.410929203033447,0.020297911018133163,-0.01092431228607893,-3.610158920288086,0.0013321540326607323,0.0003914833068847656,0.0,0.0,-5.0,nan,nan,nan,nan,nan
8.42012095451355,0.020297911018133163,-0.01092431228607893,-3.610158920288086,0.0013321540326607323,0.00029206275939941406,0.0,0.0,-5.0,nan,nan,nan,nan,nan
8.430259943008423,0.020297911018133163,-0.01092431228607893,-3.610158920288086,0.0013321540326607323,0.00046133995056152344,0.0,0.0,-5.0,nan,nan,nan,nan,nan
8.440162897109985,0.020445691421628,-0.010440034791827202,-3.6164541244506836,0.0017334421614567143,0.0004143714904785156,0.0,0.0,-5.0,nan,nan,nan,nan,nan
8.45028042793274,0.020445691421628,-0.010440034791827202,-3.6164541244506836,0.0017334421614567143,0.0006222724914550781,0.0,0.0,-5.0,nan,nan,nan,nan,nan
8.460389375686646,0.020503774285316467,-0.010153129696846008,-3.619570255279541,0.0019166101413070613,0.0003924369812011719,0.0,0.0,-5.0,nan,nan,nan,nan,nan
8.47028660774231,0.020503774285316467,-0.010153129696846008,-3.619570255279541,0.0019166101413070613,0.0008630752563476562,0.0,0.0,-5.0,nan,nan,nan,nan,nan
8.480334997177124,0.020503774285316467,-0.010153129696846008,-3.619570255279541,0.0019166101413070613,0.0005810260772705078,0.0,0.0,-5.0,nan,nan,nan,nan,nan
8.490298748016357,0.02057332545518875,-0.009495949372649193,-3.625732421875,0.002228647756033071,0.0007092952728271484,0.0,0.0,-5.0,nan,nan,nan,nan,nan
8.500393152236938,0.02057332545518875,-0.009495949372649193,-3.625732421875,0.002228647756033071,0.0005080699920654297,0.0,0.0,-5.0,nan,nan,nan,nan,nan
8.5107581615448,0.0205791424959898,-0.008951966650784016,-3.6302995681762695,0.0024152028019066695,0.0007779598236083984,0.0,0.0,-5.0,nan,nan,nan,nan,nan
8.520203828811646,0.0205791424959898,-0.008951966650784016,-3.6302995681762695,0.0024152028019066695,0.0006730556488037109,0.0,0.0,-5.0,nan,nan,nan,nan,nan
8.530280828475952,0.0205791424959898,-0.008951966650784016,-3.6302995681762695,0.0024152028019066695,0.00066375732421875,0.0,0.0,-5.0,nan,nan,nan,nan,nan
8.54023027420044,0.020546529442071915,-0.008351443335413933,-3.6348071098327637,0.0025856467452505067,0.0004467964172363281,0.0,0.0,-5.0,nan,nan,nan,nan,nan
8.55021619796753,0.020546529442071915,-0.008351443335413933,-3.6348071098327637,0.0025856467452505067,0.0004642009735107422,0.0,0.0,-5.0,nan,nan,nan,nan,nan
8.560604333877563,0.02048664167523384,-0.007729771081358194,-3.639293670654297,0.0027177354938385558,0.00045108795166015625,0.0,0.0,-5.0,nan,nan,nan,nan,nan
8.57014513015747,0.02048664167523384,-0.007729771081358194,-3.639293670654297,0.0027177354938385558,0.0005850791931152344,0.0,0.0,-5.0,nan,nan,nan,nan,nan
8.5802583694458,0.02048664167523384,-0.007729771081358194,-3.639293670654297,0.0027177354938385558,0.000507354736328125,0.0,0.0,-5.0,nan,nan,nan,nan,nan
8.590137720108032,0.020400723442435265,-0.00706059392541647,-3.6437501907348633,0.0028132835123117657,0.00045108795166015625,0.0,0.0,-5.0,nan,nan,nan,nan,nan
8.600215911865234,0.020400723442435265,-0.00706059392541647,-3.6437501907348633,0.0028132835123117657,0.0002872943878173828,0.0,0.0,-5.0,nan,nan,nan,nan,nan
8.610376596450806,0.020400723442435265,-0.00706059392541647,-3.6437501907348633,0.0028132835123117657,0.0006527900695800781,0.0,0.0,-5.0,nan,nan,nan,nan,nan
8.6201331615448,0.02027808129787445,-0.006372507661581039,-3.648190498352051,0.002867327478253086,0.0004024505615234375,0.0,0.0,-5.0,nan,nan,nan,nan,nan
8.630241632461548,0.02027808129787445,-0.006372507661581039,-3.648190498352051,0.002867327478253086,0.0004916191101074219,0.0,0.0,-5.0,nan,nan,nan,nan,nan
8.64015245437622,0.020032282918691635,-0.0054376688785851,-3.6540403366088867,0.0029231643830824796,0.0006253719329833984,0.0,0.0,-5.0,nan,nan,nan,nan,nan
8.650300025939941,0.020032282918691635,-0.0054376688785851,-3.6540403366088867,0.0029231643830824796,0.0006036758422851562,0.0,0.0,-5.0,nan,nan,nan,nan,nan
8.66037893295288,0.0198662132024765,-0.004965172614902258,-3.6569337844848633,0.0029277428174224497,0.0003821849822998047,0.0,0.0,-5.0,nan,nan,nan,nan,nan
8.670234680175781,0.0198662132024765,-0.004965172614902258,-3.6569337844848633,0.0029277428174224497,0.0008368492126464844,0.0,0.0,-5.0,nan,nan,nan,nan,nan
8.680302381515503,0.0198662132024765,-0.004965172614902258,-3.6569337844848633,0.0029277428174224497,0.0007643699645996094,0.0,0.0,-5.0,nan,nan,nan,nan,nan
8.690263986587524,0.01945369504392147,-0.004005929920822382,-3.6626620292663574,0.0029270866907285106,0.0007622241973876953,0.0,0.0,-5.0,nan,nan,nan,nan,nan
8.700479984283447,0.01945369504392147,-0.004005929920822382,-3.6626620292663574,0.0029270866907285106,0.0005002021789550781,0.0,0.0,-5.0,nan,nan,nan,nan,nan
8.710583448410034,0.019093496724963188,-0.0032660155557096004,-3.6669154167175293,0.0029006568348356318,0.0006449222564697266,0.0,0.0,-5.0,nan,nan,nan,nan,nan
8.720280408859253,0.019093496724963188,-0.0032660155557096004,-3.6669154167175293,0.0029006568348356318,0.0006549358367919922,0.0,0.0,-5.0,nan,nan,nan,nan,nan
8.730239629745483,0.019093496724963188,-0.0032660155557096004,-3.6669154167175293,0.0029006568348356318,0.000637054443359375,0.0,0.0,-5.0,nan,nan,nan,nan,nan
8.740176677703857,0.01882217451930046,-0.0027377286460250616,-3.669713020324707,0.0028553919164735772,0.0004665851593017578,0.0,0.0,-5.0,nan,nan,nan,nan,nan
8.750158786773682,0.01882217451930046,-0.0027377286460250616,-3.669713020324707,0.0028553919164735772,0.00035309791564941406,0.0,0.0,-5.0,nan,nan,nan,nan,nan
8.760904550552368,0.018207313492894173,-0.001681879279203713,-3.6752829551696777,0.0027568808785520945,0.0005023479461669922,0.0,0.0,-5.0,nan,nan,nan,nan,nan
8.770224332809448,0.018207313492894173,-0.001681879279203713,-3.6752829551696777,0.0027568808785520945,0.0006952285766601562,0.0,0.0,-5.0,nan,nan,nan,nan,nan
8.780449628829956,0.018207313492894173,-0.001681879279203713,-3.6752829551696777,0.0027568808785520945,0.0004901885986328125,0.0,0.0,-5.0,nan,nan,nan,nan,nan
8.79015326499939,0.017472773790359497,-0.0006219695205800235,-3.6807899475097656,0.0026281511704048617,0.00041413307189941406,0.0,0.0,-5.0,nan,nan,nan,nan,nan
8.800453901290894,0.017472773790359497,-0.0006219695205800235,-3.6807899475097656,0.0026281511704048617,0.0003857612609863281,0.0,0.0,-5.0,nan,nan,nan,nan,nan
8.810500144958496,0.017076769843697548,-0.00010150159505428746,-3.683530330657959,0.0025444200783329663,0.00043010711669921875,0.0,0.0,-5.0,nan,nan,nan,nan,nan
8.820226669311523,0.017076769843697548,-0.00010150159505428746,-3.683530330657959,0.0025444200783329663,0.0006256103515625,0.0,0.0,-5.0,nan,nan,nan,nan,nan
8.830200672149658,0.017076769843697548,-0.00010150159505428746,-3.683530330657959,0.0025444200783329663,0.00041556358337402344,0.0,0.0,-5.0,nan,nan,nan,nan,nan
8.84021544456482,0.016440004110336304,0.0006949875387363136,-3.6876134872436523,0.0024126019460319727,0.0004811286926269531,0.0,0.0,-5.0,nan,nan,nan,nan,nan
8.850160837173462,0.016440004110336304,0.0006949875387363136,-3.6876134872436523,0.0024126019460319727,0.0003829002380371094,0.0,0.0,-5.0,nan,nan,nan,nan,nan
8.860749006271362,0.015765320509672165,0.001505456049926579,-3.6916513442993164,0.002263698824353635,0.0004482269287109375,0.0,0.0,-5.0,nan,nan,nan,nan,nan
8.870144844055176,0.015765320509672165,0.001505456049926579,-3.6916513442993164,0.002263698824353635,0.0003573894500732422,0.0,0.0,-5.0,nan,nan,nan,nan,nan
8.880276918411255,0.015765320509672165,0.001505456049926579,-3.6916513442993164,0.002263698824353635,0.0006582736968994141,0.0,0.0,-5.0,nan,nan,nan,nan,nan
8.890259027481079,0.014812462031841278,0.00261612213216722,-3.6969337463378906,0.002043816578388417,0.0006244182586669922,0.0,0.0,-5.0,nan,nan,nan,nan,nan
8.900572299957275,0.014812462031841278,0.00261612213216722,-3.6969337463378906,0.002043816578388417,0.0007269382476806641,0.0,0.0,-5.0,nan,nan,nan,nan,nan
8.91064977645874,0.01407451368868351,0.0034543811343610287,-3.700808048248291,0.001858875609100642,0.00043082237243652344,0.0,0.0,-5.0,nan,nan,nan,nan,nan
8.920339345932007,0.01407451368868351,0.0034543811343610287,-3.700808048248291,0.001858875609100642,0.0009310245513916016,0.0,0.0,-5.0,nan,nan,nan,nan,nan
8.930248975753784,0.01407451368868351,0.0034543811343610287,-3.700808048248291,0.001858875609100642,0.0005245208740234375,0.0,0.0,-5.0,nan,nan,nan,nan,nan
8.940289497375488,0.01359030231833458,0.0040343161672353745,-3.703310489654541,0.0017331000327212933,0.0008957386016845703,0.0,0.0,-5.0,nan,nan,nan,nan,nan
8.95028829574585,0.01359030231833458,0.0040343161672353745,-3.703310489654541,0.0017331000327212933,0.0006871223449707031,0.0,0.0,-5.0,nan,nan,nan,nan,nan
8.960856199264526,0.012614433653652668,0.005189878866076469,-3.7082252502441406,0.0014846156192564082,0.00047588348388671875,0.0,0.0,-5.0,nan,nan,nan,nan,nan
8.970285177230835,0.012614433653652668,0.005189878866076469,-3.7082252502441406,0.0014846156192564082,0.0006155967712402344,0.0,0.0,-5.0,nan,nan,nan,nan,nan
8.980265140533447,0.012614433653652668,0.005189878866076469,-3.7082252502441406,0.0014846156192564082,0.0006840229034423828,0.0,0.0,-5.0,nan,nan,nan,nan,nan
8.990309000015259,0.011886609718203545,0.006066978443413973,-3.7118239402770996,0.0012699431065809046,0.0008497238159179688,0.0,0.0,-5.0,nan,nan,nan,nan,nan
9.000491380691528,0.011886609718203545,0.006066978443413973,-3.7118239402770996,0.0012699431065809046,0.0007355213165283203,0.0,0.0,-5.0,nan,nan,nan,nan,nan
9.010513305664062,0.011175586842000484,0.006946867797523737,-3.7153639793395996,0.0010638926973075761,0.0004608631134033203,0.0,0.0,-5.0,nan,nan,nan,nan,nan
9.02024531364441,0.011175586842000484,0.006946867797523737,-3.7153639793395996,0.0010638926973075761,0.0007963180541992188,0.0,0.0,-5.0,nan,nan,nan,nan,nan
9.030265092849731,0.011175586842000484,0.006946867797523737,-3.7153639793395996,0.0010638926973075761,0.0006639957427978516,0.0,0.0,-5.0,nan,nan,nan,nan,nan
9.040331363677979,0.010521032847464085,0.007883070036768913,-3.71876859664917,0.0008461036330779464,0.0009543895721435547,0.0,0.0,-5.0,nan,nan,nan,nan,nan
9.050330638885498,0.010521032847464085,0.007883070036768913,-3.71876859664917,0.0008461036330779464,0.0008382797241210938,0.0,0.0,-5.0,nan,nan,nan,nan,nan
9.060712337493896,0.009911228902637959,0.008843476884067059,-3.722095489501953,0.0006469153402869619,0.0007088184356689453,0.0,0.0,-5.0,nan,nan,nan,nan,nan
9.070252656936646,0.009911228902637959,0.008843476884067059,-3.722095489501953,0.0006469153402869619,0.0006687641143798828,0.0,0.0,-5.0,nan,nan,nan,nan,nan
9.080309391021729,0.009911228902637959,0.008843476884067059,-3.722095489501953,0.0006469153402869619,0.0007069110870361328,0.0,0.0,-5.0,nan,nan,nan,nan,nan
9.090173482894897,0.009322092868387699,0.00979539379477501,-3.725376605987549,0.00041384018967335814,0.0008211135864257812,0.0,0.0,-5.0,nan,nan,nan,nan,nan
9.100258111953735,0.009322092868387699,0.00979539379477501,-3.725376605987549,0.00041384018967335814,0.0003604888916015625,0.0,0.0,-5.0,nan,nan,nan,nan,nan
9.110222339630127,0.009322092868387699,0.00979539379477501,-3.725376605987549,0.00041384018967335814,0.0005145072937011719,0.0,0.0,-5.0,nan,nan,nan,nan,nan
9.12030577659607,0.00856002513319254,0.011085517704486847,-3.7296390533447266,0.0001276615673695778,0.0008058547973632812,0.0,0.0,-5.0,nan,nan,nan,nan,nan
9.130328893661499,0.00856002513319254,0.011085517704486847,-3.7296390533447266,0.0001276615673695778,0.0007321834564208984,0.0,0.0,-5.0,nan,nan,nan,nan,nan
9.140329360961914,0.008201973512768745,0.01174586359411478,-3.7317323684692383,-5.719358333500409e-07,0.0007009506225585938,0.0,0.0,-5.0,nan,nan,nan,nan,nan
9.15021824836731,0.008201973512768745,0.01174586359411478,-3.7317323684692383,-5.719358333500409e-07,0.0005102157592773438,0.0,0.0,-5.0,nan,nan,nan,nan,nan
9.16072154045105,0.00749414786696434,0.013026180677115917,-3.7358827590942383,-0.00026270404626996626,0.0006785392761230469,0.0,0.0,-5.0,nan,nan,nan,nan,nan
9.170637130737305,0.00749414786696434,0.013026180677115917,-3.7358827590942383,-0.00026270404626996626,0.0009832382202148438,0.0,0.0,-5.0,nan,nan,nan,nan,nan
9.180339813232422,0.00749414786696434,0.013026180677115917,-3.7358827590942383,-0.00026270404626996626,0.0007450580596923828,0.0,0.0,-5.0,nan,nan,nan,nan,nan
9.190186738967896,0.006970301736146212,0.01396152563393116,-3.738952159881592,-0.00045008522465840063,0.000530242919921875,0.0,0.0,-5.0,nan,nan,nan,nan,nan
9.200470209121704,0.006970301736146212,0.01396152563393116,-3.738952159881592,-0.00045008522465840063,0.0005083084106445312,0.0,0.0,-5.0,nan,nan,nan,nan,nan
9.210642099380493,0.006445224862545729,0.014876395463943481,-3.7419686317443848,-0.0006375642181811793,0.0005068778991699219,0.0,0.0,-5.0,nan,nan,nan,nan,nan
9.220117807388306,0.006445224862545729,0.014876395463943481,-3.7419686317443848,-0.0006375642181811793,0.0004887580871582031,0.0,0.0,-5.0,nan,nan,nan,nan,nan
9.23034119606018,0.006445224862545729,0.014876395463943481,-3.7419686317443848,-0.0006375642181811793,0.0005588531494140625,0.0,0.0,-5.0,nan,nan,nan,nan,nan
9.24016261100769,0.005893492139875889,0.01574666053056717,-3.7449088096618652,-0.0008246172179840927,0.000499725341796875,0.0,0.0,-5.0,nan,nan,nan,nan,nan
9.250215768814087,0.005893492139875889,0.01574666053056717,-3.7449088096618652,-0.0008246172179840927,0.0005133152008056641,0.0,0.0,-5.0,nan,nan,nan,nan,nan
9.260573148727417,0.005322115961462259,0.01655966229736805,-3.747807502746582,-0.0010039175106222925,0.0005030632019042969,0.0,0.0,-5.0,nan,nan,nan,nan,nan
9.270196914672852,0.005322115961462259,0.01655966229736805,-3.747807502746582,-0.0010039175106222925,0.0005545616149902344,0.0,0.0,-5.0,nan,nan,nan,nan,nan
9.280170202255249,0.005322115961462259,0.01655966229736805,-3.747807502746582,-0.0010039175106222925,0.0004532337188720703,0.0,0.0,-5.0,nan,nan,nan,nan,nan
9.290297269821167,0.004737405572086573,0.01731053553521633,-3.7506656646728516,-0.0011591901475628008,0.0010900497436523438,0.0,0.0,-5.0,nan,nan,nan,nan,nan
9.300334930419922,0.004737405572086573,0.01731053553521633,-3.7506656646728516,-0.0011591901475628008,0.0004527568817138672,0.0,0.0,-5.0,nan,nan,nan,nan,nan
9.310888767242432,0.003934325650334358,0.018203653395175934,-3.754490852355957,-0.0013430657860294853,0.0005002021789550781,0.0,0.0,-5.0,nan,nan,nan,nan,nan
9.320173025131226,0.003934325650334358,0.018203653395175934,-3.754490852355957,-0.0013430657860294853,0.00046443939208984375,0.0,0.0,-5.0,nan,nan,nan,nan,nan
9.330277681350708,0.003934325650334358,0.018203653395175934,-3.754490852355957,-0.0013430657860294853,0.0007421970367431641,0.0,0.0,-5.0,nan,nan,nan,nan,nan
9.340188026428223,0.0035177511163055897,0.018602490425109863,-3.756387710571289,-0.0014311816218706946,0.0004966259002685547,0.0,0.0,-5.0,nan,nan,nan,nan,nan
9.350219488143921,0.0035177511163055897,0.018602490425109863,-3.756387710571289,-0.0014311816218706946,0.0005407333374023438,0.0,0.0,-5.0,nan,nan,nan,nan,nan
9.360626220703125,0.002664015395566821,0.019309500232338905,-3.7601451873779297,-0.0015803602026526924,0.0004951953887939453,0.0,0.0,-5.0,nan,nan,nan,nan,nan
9.370224237442017,0.002664015395566821,0.019309500232338905,-3.7601451873779297,-0.0015803602026526924,0.0007467269897460938,0.0,0.0,-5.0,nan,nan,nan,nan,nan
9.380311489105225,0.002664015395566821,0.019309500232338905,-3.7601451873779297,-0.0015803602026526924,0.0007512569427490234,0.0,0.0,-5.0,nan,nan,nan,nan,nan
9.390204906463623,0.00222666934132576,0.01961781270802021,-3.762007713317871,-0.001641215446060967,0.0010647773742675781,0.0,0.0,-5.0,nan,nan,nan,nan,nan
9.400513410568237,0.00222666934132576,0.01961781270802021,-3.762007713317871,-0.001641215446060967,0.0007066726684570312,0.0,0.0,-5.0,nan,nan,nan,nan,nan
9.410750389099121,0.0013231798075139523,0.020088566467165947,-3.765653610229492,-0.0017815410129915468,0.0007517337799072266,0.0,0.0,-5.0,nan,nan,nan,nan,nan
9.420289039611816,0.0013231798075139523,0.020088566467165947,-3.765653610229492,-0.0017815410129915468,0.0006155967712402344,0.0,0.0,-5.0,nan,nan,nan,nan,nan
9.43032455444336,0.0013231798075139523,0.020088566467165947,-3.765653610229492,-0.0017815410129915468,0.0008060932159423828,0.0,0.0,-5.0,nan,nan,nan,nan,nan
9.440200090408325,0.0006318786181509495,0.020306136459112167,-3.7683496475219727,-0.0018544800427505875,0.0006158351898193359,0.0,0.0,-5.0,nan,nan,nan,nan,nan
9.450178623199463,0.0006318786181509495,0.020306136459112167,-3.7683496475219727,-0.0018544800427505875,0.00045943260192871094,0.0,0.0,-5.0,nan,nan,nan,nan,nan
9.460911512374878,-5.684791176463477e-05,0.020458437502384186,-3.771022319793701,-0.0019213368556554489,0.0008423328399658203,0.0,0.0,-5.0,nan,nan,nan,nan,nan
9.47028136253357,-5.684791176463477e-05,0.020458437502384186,-3.771022319793701,-0.0019213368556554489,0.0008068084716796875,0.0,0.0,-5.0,nan,nan,nan,nan,nan
9.480266094207764,-5.684791176463477e-05,0.020458437502384186,-3.771022319793701,-0.0019213368556554489,0.0005440711975097656,0.0,0.0,-5.0,nan,nan,nan,nan,nan
9.49018120765686,-0.0007372043328359723,0.02055046707391739,-3.7736687660217285,-0.0019946230893849786,0.0005350112915039062,0.0,0.0,-5.0,nan,nan,nan,nan,nan
9.50043535232544,-0.0007372043328359723,0.02055046707391739,-3.7736687660217285,-0.0019946230893849786,0.0004928112030029297,0.0,0.0,-5.0,nan,nan,nan,nan,nan
9.510480165481567,-0.0016274251975119114,0.02058175578713417,-3.777156352996826,-0.0020482037460197743,0.0004634857177734375,0.0,0.0,-5.0,nan,nan,nan,nan,nan
9.52021837234497,-0.0016274251975119114,0.02058175578713417,-3.777156352996826,-0.0020482037460197743,0.0005271434783935547,0.0,0.0,-5.0,nan,nan,nan,nan,nan
9.530417919158936,-0.0016274251975119114,0.02058175578713417,-3.777156352996826,-0.0020482037460197743,0.0005946159362792969,0.0,0.0,-5.0,nan,nan,nan,nan,nan
9.540194988250732,-0.002068575471639633,0.020561281591653824,-3.7788848876953125,-0.002075944194766417,0.0005950927734375,0.0,0.0,-5.0,nan,nan,nan,nan,nan
9.550244569778442,-0.002068575471639633,0.020561281591653824,-3.7788848876953125,-0.002075944194766417,0.0005450248718261719,0.0,0.0,-5.0,nan,nan,nan,nan,nan
9.561018943786621,-0.0027422045823186636,0.02051563747227192,-3.781473159790039,-0.002117463043878963,0.0007774829864501953,0.0,0.0,-5.0,nan,nan,nan,nan,nan
9.570262908935547,-0.0027422045823186636,0.02051563747227192,-3.781473159790039,-0.002117463043878963,0.0008823871612548828,0.0,0.0,-5.0,nan,nan,nan,nan,nan
9.58039927482605,-0.0027422045823186636,0.02051563747227192,-3.781473159790039,-0.002117463043878963,0.0005505084991455078,0.0,0.0,-5.0,nan,nan,nan,nan,nan
9.590166568756104,-0.0034228984732180834,0.020463204011321068,-3.784036636352539,-0.002138056771014951,0.0006239414215087891,0.0,0.0,-5.0,nan,nan,nan,nan,nan
9.600634336471558,-0.0034228984732180834,0.020463204011321068,-3.784036636352539,-0.002138056771014951,0.0007402896881103516,0.0,0.0,-5.0,nan,nan,nan,nan,nan
9.610694885253906,-0.004332492593675852,0.020396851003170013,-3.7874293327331543,-0.0021820928318180555,0.0005955696105957031,0.0,0.0,-5.0,nan,nan,nan,nan,nan
9.620173215866089,-0.004332492593675852,0.020396851003170013,-3.7874293327331543,-0.0021820928318180555,0.0007812976837158203,0.0,0.0,-5.0,nan,nan,nan,nan,nan
9.630333662033081,-0.004332492593675852,0.020396851003170013,-3.7874293327331543,-0.0021820928318180555,0.0008432865142822266,0.0,0.0,-5.0,nan,nan,nan,nan,nan
9.640198707580566,-0.005012201610952616,0.020351212471723557,-3.789933204650879,-0.0021759024530534628,0.0009946823120117188,0.0,0.0,-5.0,nan,nan,nan,nan,nan
9.650277137756348,-0.005012201610952616,0.020351212471723557,-3.789933204650879,-0.0021759024530534628,0.0007526874542236328,0.0,0.0,-5.0,nan,nan,nan,nan,nan
9.661161184310913,-0.005458028055727482,0.020336264744400978,-3.791586399078369,-0.002190281011359932,0.0006914138793945312,0.0,0.0,-5.0,nan,nan,nan,nan,nan
9.670265197753906,-0.005458028055727482,0.020336264744400978,-3.791586399078369,-0.002190281011359932,0.0005915164947509766,0.0,0.0,-5.0,nan,nan,nan,nan,nan
9.680232286453247,-0.005458028055727482,0.020336264744400978,-3.791586399078369,-0.002190281011359932,0.0008084774017333984,0.0,0.0,-5.0,nan,nan,nan,nan,nan
9.690215349197388,-0.006346143316477537,0.020352836698293686,-3.7948484420776367,-0.002195170552818722,0.0007152557373046875,0.0,0.0,-5.0,nan,nan,nan,nan,nan
9.700561285018921,-0.006346143316477537,0.020352836698293686,-3.7948484420776367,-0.002195170552818722,0.0008792877197265625,0.0,0.0,-5.0,nan,nan,nan,nan,nan
9.711027383804321,-0.006796748377382755,0.02038547582924366,-3.7964649200439453,-0.0021978329252367174,0.0007958412170410156,0.0,0.0,-5.0,nan,nan,nan,nan,nan
9.720321893692017,-0.006796748377382755,0.02038547582924366,-3.7964649200439453,-0.0021978329252367174,0.0009305477142333984,0.0,0.0,-5.0,nan,nan,nan,nan,nan
9.730357885360718,-0.006796748377382755,0.02038547582924366,-3.7964649200439453,-0.0021978329252367174,0.0008897781372070312,0.0,0.0,-5.0,nan,nan,nan,nan,nan
9.74021291732788,-0.007738982327282429,0.020496051758527756,-3.799656391143799,-0.0021748477423480825,0.0006871223449707031,0.0,0.0,-5.0,nan,nan,nan,nan,nan
9.750192880630493,-0.007738982327282429,0.020496051758527756,-3.799656391143799,-0.0021748477423480825,0.0005273818969726562,0.0,0.0,-5.0,nan,nan,nan,nan,nan
9.760518550872803,-0.008466044440865517,0.02060900442302227,-3.802018165588379,-0.002167131607114205,0.0005011558532714844,0.0,0.0,-5.0,nan,nan,nan,nan,nan
9.770380735397339,-0.008466044440865517,0.02060900442302227,-3.802018165588379,-0.002167131607114205,0.0009808540344238281,0.0,0.0,-5.0,nan,nan,nan,nan,nan
9.780293226242065,-0.008466044440865517,0.02060900442302227,-3.802018165588379,-0.002167131607114205,0.0008790493011474609,0.0,0.0,-5.0,nan,nan,nan,nan,nan
9.790307998657227,-0.009197130799293518,0.020732535049319267,-3.8043551445007324,-0.0021557916515893894,0.0008707046508789062,0.0,0.0,-5.0,nan,nan,nan,nan,nan
9.800672769546509,-0.009197130799293518,0.020732535049319267,-3.8043551445007324,-0.0021557916515893894,0.0009019374847412109,0.0,0.0,-5.0,nan,nan,nan,nan,nan
9.810347318649292,-0.009197130799293518,0.020732535049319267,-3.8043551445007324,-0.0021557916515893894,0.0006487369537353516,0.0,0.0,-5.0,nan,nan,nan,nan,nan
9.82023310661316,-0.009932351298630238,0.02086789533495903,-3.8066654205322266,-0.002139405171153227,0.0006339550018310547,0.0,0.0,-5.0,nan,nan,nan,nan,nan
9.83027696609497,-0.009932351298630238,0.02086789533495903,-3.8066654205322266,-0.002139405171153227,0.0006272792816162109,0.0,0.0,-5.0,nan,nan,nan,nan,nan
9.840274810791016,-0.01098792627453804,0.02109253965318203,-3.8096981048583984,-0.0021579248874619545,0.0008263587951660156,0.0,0.0,-5.0,nan,nan,nan,nan,nan
9.850387334823608,-0.01098792627453804,0.02109253965318203,-3.8096981048583984,-0.0021579248874619545,0.0008642673492431641,0.0,0.0,-5.0,nan,nan,nan,nan,nan
9.860889911651611,-0.011546223424375057,0.021230783313512802,-3.8111801147460938,-0.0021668138466349133,0.0009367465972900391,0.0,0.0,-5.0,nan,nan,nan,nan,nan
9.870393514633179,-0.011546223424375057,0.021230783313512802,-3.8111801147460938,-0.0021668138466349133,0.0008969306945800781,0.0,0.0,-5.0,nan,nan,nan,nan,nan
9.880293130874634,-0.011546223424375057,0.021230783313512802,-3.8111801147460938,-0.0021668138466349133,0.0008518695831298828,0.0,0.0,-5.0,nan,nan,nan,nan,nan
9.890226125717163,-0.012654135003685951,0.021485093981027603,-3.8141283988952637,-0.002204177609612062,0.0009398460388183594,0.0,0.0,-5.0,nan,nan,nan,nan,nan
9.900567293167114,-0.012654135003685951,0.021485093981027603,-3.8141283988952637,-0.002204177609612062,0.0008306503295898438,0.0,0.0,-5.0,nan,nan,nan,nan,nan
9.911372184753418,-0.013514667749404907,0.021673092618584633,-3.816371440887451,-0.0022454423152370663,0.0008702278137207031,0.0,0.0,-5.0,nan,nan,nan,nan,nan
9.920334339141846,-0.013514667749404907,0.021673092618584633,-3.816371440887451,-0.0022454423152370663,0.0008547306060791016,0.0,0.0,-5.0,nan,nan,nan,nan,nan
9.930438995361328,-0.013514667749404907,0.021673092618584633,-3.816371440887451,-0.0022454423152370663,0.00096893310546875,0.0,0.0,-5.0,nan,nan,nan,nan,nan
9.940269947052002,-0.014394402503967285,0.021868571639060974,-3.818574905395508,-0.00228945309347057,0.0009233951568603516,0.0,0.0,-5.0,nan,nan,nan,nan,nan
9.950372457504272,-0.014394402503967285,0.021868571639060974,-3.818574905395508,-0.00228945309347057,0.0009064674377441406,0.0,0.0,-5.0,nan,nan,nan,nan,nan
9.961022853851318,-0.015287132933735847,0.022066982463002205,-3.8207316398620605,-0.002338108985938815,0.0008568763732910156,0.0,0.0,-5.0,nan,nan,nan,nan,nan
9.970607995986938,-0.015287132933735847,0.022066982463002205,-3.8207316398620605,-0.002338108985938815,0.0010066032409667969,0.0,0.0,-5.0,nan,nan,nan,nan,nan
9.98034143447876,-0.015287132933735847,0.022066982463002205,-3.8207316398620605,-0.002338108985938815,0.0006482601165771484,0.0,0.0,-5.0,nan,nan,nan,nan,nan
9.990278482437134,-0.016183296218514442,0.022266380488872528,-3.822843551635742,-0.0023798134615080997,0.0010631084442138672,0.0,0.0,-5.0,nan,nan,nan,nan,nan
10.00063943862915,-0.016183296218514442,0.022266380488872528,-3.822843551635742,-0.0023798134615080997,0.0007152557373046875,0.0,0.0,-5.0,nan,nan,nan,nan,nan
10.011026620864868,-0.01707397773861885,0.022465260699391365,-3.8249125480651855,-0.0024194023794180436,0.0005815029144287109,0.0,0.0,-5.0,nan,nan,nan,nan,nan
10.020241260528564,-0.01707397773861885,0.022465260699391365,-3.8249125480651855,-0.0024194023794180436,0.00064849853515625,0.0,0.0,-5.0,nan,nan,nan,nan,nan
10.030274629592896,-0.01707397773861885,0.022465260699391365,-3.8249125480651855,-0.0024194023794180436,0.0011892318725585938,0.0,0.0,-5.0,nan,nan,nan,nan,nan
10.04027795791626,-0.0182452704757452,0.022707782685756683,-3.827571392059326,-0.002465786320374407,0.0007276535034179688,0.0,0.0,-5.0,nan,nan,nan,nan,nan
10.050235033035278,-0.0182452704757452,0.022707782685756683,-3.827571392059326,-0.002465786320374407,0.0005877017974853516,0.0,0.0,-5.0,nan,nan,nan,nan,nan
10.06070876121521,-0.018826639279723167,0.02281426452100277,-3.828852653503418,-0.0024838427576338927,0.0005877017974853516,0.0,0.0,-5.0,nan,nan,nan,nan,nan
10.070281982421875,-0.018826639279723167,0.02281426452100277,-3.828852653503418,-0.0024838427576338927,0.0010669231414794922,0.0,0.0,-5.0,nan,nan,nan,nan,nan
10.080282211303711,-0.018826639279723167,0.02281426452100277,-3.828852653503418,-0.0024838427576338927,0.0006165504455566406,0.0,0.0,-5.0,nan,nan,nan,nan,nan
10.090516805648804,-0.019963549450039864,0.0229549128562212,-3.8313674926757812,-0.0025370042592112872,0.0012810230255126953,0.0,0.0,-5.0,nan,nan,nan,nan,nan
10.100369930267334,-0.019963549450039864,0.0229549128562212,-3.8313674926757812,-0.0025370042592112872,0.0011184215545654297,0.0,0.0,-5.0,nan,nan,nan,nan,nan
10.110892534255981,-0.020789550617337227,0.022981351241469383,-3.8331875801086426,-0.0025779979344803003,0.0008645057678222656,0.0,0.0,-5.0,nan,nan,nan,nan,nan
10.120264768600464,-0.020789550617337227,0.022981351241469383,-3.8331875801086426,-0.0025779979344803003,0.0005929470062255859,0.0,0.0,-5.0,nan,nan,nan,nan,nan
10.130268335342407,-0.020789550617337227,0.022981351241469383,-3.8331875801086426,-0.0025779979344803003,0.0005831718444824219,0.0,0.0,-5.0,nan,nan,nan,nan,nan
10.140349864959717,-0.021576296538114548,0.02294706553220749,-3.8349709510803223,-0.0025917727140449113,0.0006580352783203125,0.0,0.0,-5.0,nan,nan,nan,nan,nan
10.15023136138916,-0.021576296538114548,0.02294706553220749,-3.8349709510803223,-0.0025917727140449113,0.0005915164947509766,0.0,0.0,-5.0,nan,nan,nan,nan,nan
10.161037921905518,-0.02233215421438217,0.02283862978219986,-3.8367114067077637,-0.0026163845135906455,0.0006029605865478516,0.0,0.0,-5.0,nan,nan,nan,nan,nan
10.170261859893799,-0.02233215421438217,0.02283862978219986,-3.8367114067077637,-0.0026163845135906455,0.0005834102630615234,0.0,0.0,-5.0,nan,nan,nan,nan,nan
10.180377006530762,-0.02233215421438217,0.02283862978219986,-3.8367114067077637,-0.0026163845135906455,0.0010638236999511719,0.0,0.0,-5.0,nan,nan,nan,nan,nan
10.190261125564575,-0.023293647915124893,0.022574855014681816,-3.838911533355713,-0.0026449932432666997,0.0010416507720947266,0.0,0.0,-5.0,nan,nan,nan,nan,nan
10.200567245483398,-0.023293647915124893,0.022574855014681816,-3.838911533355713,-0.0026449932432666997,0.000598907470703125,0.0,0.0,-5.0,nan,nan,nan,nan,nan
10.21071720123291,-0.023754289373755455,0.022407889366149902,-3.8399806022644043,-0.0026506138827863124,0.00058746337890625,0.0,0.0,-5.0,nan,nan,nan,nan,nan
10.220359086990356,-0.023754289373755455,0.022407889366149902,-3.8399806022644043,-0.0026506138827863124,0.0008656978607177734,0.0,0.0,-5.0,nan,nan,nan,nan,nan
10.2304847240448,-0.023754289373755455,0.022407889366149902,-3.8399806022644043,-0.0026506138827863124,0.0006587505340576172,0.0,0.0,-5.0,nan,nan,nan,nan,nan
10.240337610244751,-0.024417191743850708,0.022082293406128883,-3.8414649963378906,-0.0026571080497154106,0.0008237361907958984,0.0,0.0,-5.0,nan,nan,nan,nan,nan
10.250240325927734,-0.024417191743850708,0.022082293406128883,-3.8414649963378906,-0.0026571080497154106,0.0006299018859863281,0.0,0.0,-5.0,nan,nan,nan,nan,nan
10.261348009109497,-0.024996239691972733,0.02170674316585064,-3.8429036140441895,-0.002645581400087709,0.0009434223175048828,0.0,0.0,-5.0,nan,nan,nan,nan,nan
10.27032208442688,-0.024996239691972733,0.02170674316585064,-3.8429036140441895,-0.002645581400087709,0.0009703636169433594,0.0,0.0,-5.0,nan,nan,nan,nan,nan
10.28052806854248,-0.024996239691972733,0.02170674316585064,-3.8429036140441895,-0.002645581400087709,0.0009667873382568359,0.0,0.0,-5.0,nan,nan,nan,nan,nan
10.290209531784058,-0.02564353123307228,0.021143823862075806,-3.8447628021240234,-0.002622346345965581,0.0006914138793945312,0.0,0.0,-5.0,nan,nan,nan,nan,nan
10.300665140151978,-0.02564353123307228,0.021143823862075806,-3.8447628021240234,-0.002622346345965581,0.0009462833404541016,0.0,0.0,-5.0,nan,nan,nan,nan,nan
10.31127643585205,-0.02603556029498577,0.020699625834822655,-3.8461055755615234,-0.0026044260170844285,0.000888824462890625,0.0,0.0,-5.0,nan,nan,nan,nan,nan
10.320518016815186,-0.02603556029498577,0.020699625834822655,-3.8461055755615234,-0.0026044260170844285,0.0010666847229003906,0.0,0.0,-5.0,nan,nan,nan,nan,nan
10.330358982086182,-0.02603556029498577,0.020699625834822655,-3.8461055755615234,-0.0026044260170844285,0.0010159015655517578,0.0,0.0,-5.0,nan,nan,nan,nan,nan
10.340275287628174,-0.026344818994402885,0.020255032926797867,-3.847433090209961,-0.0025541210179438464,0.0009582042694091797,0.0,0.0,-5.0,nan,nan,nan,nan,nan
10.350356101989746,-0.026344818994402885,0.020255032926797867,-3.847433090209961,-0.0025541210179438464,0.0009591579437255859,0.0,0.0,-5.0,nan,nan,nan,nan,nan
10.361091136932373,-0.026494747027754784,0.019925609230995178,-3.848292350769043,-0.002509929068663976,0.0006704330444335938,0.0,0.0,-5.0,nan,nan,nan,nan,nan
10.370311498641968,-0.026494747027754784,0.019925609230995178,-3.848292350769043,-0.002509929068663976,0.0006771087646484375,0.0,0.0,-5.0,nan,nan,nan,nan,nan
10.380261182785034,-0.026494747027754784,0.019925609230995178,-3.848292350769043,-0.002509929068663976,0.0009136199951171875,0.0,0.0,-5.0,nan,nan,nan,nan,nan
10.390414237976074,-0.02669864147901535,0.01941365748643875,-3.849620819091797,-0.0024323574999171285,0.0010819435119628906,0.0,0.0,-5.0,nan,nan,nan,nan,nan
10.400506734848022,-0.02669864147901535,0.01941365748643875,-3.849620819091797,-0.0024323574999171285,0.0009429454803466797,0.0,0.0,-5.0,nan,nan,nan,nan,nan
10.41101360321045,-0.026928482577204704,0.018683739006519318,-3.85146427154541,-0.0023459826842368047,0.0006494522094726562,0.0,0.0,-5.0,nan,nan,nan,nan,nan
10.420239448547363,-0.026928482577204704,0.018683739006519318,-3.85146427154541,-0.0023459826842368047,0.0005562305450439453,0.0,0.0,-5.0,nan,nan,nan,nan,nan
10.43018102645874,-0.026928482577204704,0.018683739006519318,-3.85146427154541,-0.0023459826842368047,0.0006375312805175781,0.0,0.0,-5.0,nan,nan,nan,nan,nan
10.440466165542603,-0.027093978598713875,0.017884766682982445,-3.8533272743225098,-0.002235970235112057,0.001230001449584961,0.0,0.0,-5.0,nan,nan,nan,nan,nan
10.450299978256226,-0.027093978598713875,0.017884766682982445,-3.8533272743225098,-0.002235970235112057,0.000982046127319336,0.0,0.0,-5.0,nan,nan,nan,nan,nan
10.46126103401184,-0.02716326154768467,0.01746797189116478,-3.854247570037842,-0.0021713419982176967,0.0010547637939453125,0.0,0.0,-5.0,nan,nan,nan,nan,nan
10.470293521881104,-0.02716326154768467,0.01746797189116478,-3.854247570037842,-0.0021713419982176967,0.0009276866912841797,0.0,0.0,-5.0,nan,nan,nan,nan,nan
10.480389833450317,-0.02716326154768467,0.01746797189116478,-3.854247570037842,-0.0021713419982176967,0.0010666847229003906,0.0,0.0,-5.0,nan,nan,nan,nan,nan
10.490307331085205,-0.027246560901403427,0.016838936135172844,-3.8556370735168457,-0.002082014843402029,0.0010309219360351562,0.0,0.0,-5.0,nan,nan,nan,nan,nan
10.500639915466309,-0.027246560901403427,0.016838936135172844,-3.8556370735168457,-0.002082014843402029,0.0009984970092773438,0.0,0.0,-5.0,nan,nan,nan,nan,nan
10.511667251586914,-0.02730446867644787,0.01599065028131008,-3.8574752807617188,-0.0019776531187052204,0.0013642311096191406,0.0,0.0,-5.0,nan,nan,nan,nan,nan
10.52034854888916,-0.02730446867644787,0.01599065028131008,-3.8574752807617188,-0.0019776531187052204,0.0010666847229003906,0.0,0.0,-5.0,nan,nan,nan,nan,nan
10.530380725860596,-0.02730446867644787,0.01599065028131008,-3.8574752807617188,-0.0019776531187052204,0.0010645389556884766,0.0,0.0,-5.0,nan,nan,nan,nan,nan
10.540269374847412,-0.027303548529744148,0.015567507594823837,-3.8583884239196777,-0.00191498868016268,0.000982522964477539,0.0,0.0,-5.0,nan,nan,nan,nan,nan
10.550275087356567,-0.027303548529744148,0.015567507594823837,-3.8583884239196777,-0.00191498868016268,0.0006871223449707031,0.0,0.0,-5.0,nan,nan,nan,nan,nan
10.56112813949585,-0.027252137660980225,0.014715845696628094,-3.8602285385131836,-0.0017732796553450612,0.0006413459777832031,0.0,0.0,-5.0,nan,nan,nan,nan,nan
10.570318222045898,-0.027252137660980225,0.014715845696628094,-3.8602285385131836,-0.0017732796553450612,0.0011224746704101562,0.0,0.0,-5.0,nan,nan,nan,nan,nan
10.580382108688354,-0.027252137660980225,0.014715845696628094,-3.8602285385131836,-0.0017732796553450612,0.001108407974243164,0.0,0.0,-5.0,nan,nan,nan,nan,nan
10.590300559997559,-0.0272054523229599,0.014280270785093307,-3.8611526489257812,-0.0016896084070326775,0.0011622905731201172,0.0,0.0,-5.0,nan,nan,nan,nan,nan
10.600683450698853,-0.0272054523229599,0.014280270785093307,-3.8611526489257812,-0.0016896084070326775,0.0010311603546142578,0.0,0.0,-5.0,nan,nan,nan,nan,nan
10.611557722091675,-0.027070052921772003,0.013383705168962479,-3.8630175590515137,-0.0015428951635866298,0.0010721683502197266,0.0,0.0,-5.0,nan,nan,nan,nan,nan
10.620344638824463,-0.027070052921772003,0.013383705168962479,-3.8630175590515137,-0.0015428951635866298,0.0010178089141845703,0.0,0.0,-5.0,nan,nan,nan,nan,nan
10.630366325378418,-0.027070052921772003,0.013383705168962479,-3.8630175590515137,-0.0015428951635866298,0.0010859966278076172,0.0,0.0,-5.0,nan,nan,nan,nan,nan
10.640393018722534,-0.02697688527405262,0.012921959161758423,-3.8639960289001465,-0.001455977564307776,0.0007233619689941406,0.0,0.0,-5.0,nan,nan,nan,nan,nan
10.650243759155273,-0.02697688527405262,0.012921959161758423,-3.8639960289001465,-0.001455977564307776,0.0006947517395019531,0.0,0.0,-5.0,nan,nan,nan,nan,nan
10.660967350006104,-0.026757413521409035,0.011996010318398476,-3.866000175476074,-0.001299416295275543,0.0008156299591064453,0.0,0.0,-5.0,nan,nan,nan,nan,nan
10.67038869857788,-0.026757413521409035,0.011996010318398476,-3.866000175476074,-0.001299416295275543,0.0011272430419921875,0.0,0.0,-5.0,nan,nan,nan,nan,nan
10.680454015731812,-0.026757413521409035,0.011996010318398476,-3.866000175476074,-0.001299416295275543,0.00109100341796875,0.0,0.0,-5.0,nan,nan,nan,nan,nan
10.690218687057495,-0.026568476110696793,0.011302485130727291,-3.867530345916748,-0.0011593832181348717,0.0006556510925292969,0.0,0.0,-5.0,nan,nan,nan,nan,nan
10.700394630432129,-0.026568476110696793,0.011302485130727291,-3.867530345916748,-0.0011593832181348717,0.0005958080291748047,0.0,0.0,-5.0,nan,nan,nan,nan,nan
10.71086049079895,-0.026355275884270668,0.01060568168759346,-3.8690829277038574,-0.0010199631866928997,0.0007264614105224609,0.0,0.0,-5.0,nan,nan,nan,nan,nan
10.720283031463623,-0.026355275884270668,0.01060568168759346,-3.8690829277038574,-0.0010199631866928997,0.0011777877807617188,0.0,0.0,-5.0,nan,nan,nan,nan,nan
10.730403423309326,-0.026355275884270668,0.01060568168759346,-3.8690829277038574,-0.0010199631866928997,0.00125885009765625,0.0,0.0,-5.0,nan,nan,nan,nan,nan
10.740527629852295,-0.02611001767218113,0.009934180416166782,-3.870668888092041,-0.0008681848921544178,0.0011684894561767578,0.0,0.0,-5.0,nan,nan,nan,nan,nan
10.75027847290039,-0.02611001767218113,0.009934180416166782,-3.870668888092041,-0.0008681848921544178,0.0010306835174560547,0.0,0.0,-5.0,nan,nan,nan,nan,nan
10.761267900466919,-0.02572087198495865,0.009050233289599419,-3.8728384971618652,-0.0006464889213530416,0.0011148452758789062,0.0,0.0,-5.0,nan,nan,nan,nan,nan
10.77030324935913,-0.02572087198495865,0.009050233289599419,-3.8728384971618652,-0.0006464889213530416,0.0010869503021240234,0.0,0.0,-5.0,nan,nan,nan,nan,nan
10.780582666397095,-0.02572087198495865,0.009050233289599419,-3.8728384971618652,-0.0006464889213530416,0.0011401176452636719,0.0,0.0,-5.0,nan,nan,nan,nan,nan
10.790347576141357,-0.025493884459137917,0.008611619472503662,-3.873936176300049,-0.0005345285288946042,0.0012211799621582031,0.0,0.0,-5.0,nan,nan,nan,nan,nan
10.800920963287354,-0.025493884459137917,0.008611619472503662,-3.873936176300049,-0.0005345285288946042,0.0013360977172851562,0.0,0.0,-5.0,nan,nan,nan,nan,nan
10.811533212661743,-0.024982735514640808,0.00774042634293437,-3.876136302947998,-0.0003049148154928525,0.001287221908569336,0.0,0.0,-5.0,nan,nan,nan,nan,nan
10.820550441741943,-0.024982735514640808,0.00774042634293437,-3.876136302947998,-0.0003049148154928525,0.001302957534790039,0.0,0.0,-5.0,nan,nan,nan,nan,nan
10.830400705337524,-0.024982735514640808,0.00774042634293437,-3.876136302947998,-0.0003049148154928525,0.0011796951293945312,0.0,0.0,-5.0,nan,nan,nan,nan,nan
10.840346813201904,-0.024706067517399788,0.007309226784855127,-3.8772330284118652,-0.00019236725675222298,0.0012137889862060547,0.0,0.0,-5.0,nan,nan,nan,nan,nan
10.850396633148193,-0.024706067517399788,0.007309226784855127,-3.8772330284118652,-0.00019236725675222298,0.001150369644165039,0.0,0.0,-5.0,nan,nan,nan,nan,nan
10.861474752426147,-0.024116497486829758,0.006456209346652031,-3.8794074058532715,7.123373780527757e-05,0.0011849403381347656,0.0,0.0,-5.0,nan,nan,nan,nan,nan
10.870401620864868,-0.024116497486829758,0.006456209346652031,-3.8794074058532715,7.123373780527757e-05,0.0011553764343261719,0.0,0.0,-5.0,nan,nan,nan,nan,nan
10.880632638931274,-0.024116497486829758,0.006456209346652031,-3.8794074058532715,7.123373780527757e-05,0.0013556480407714844,0.0,0.0,-5.0,nan,nan,nan,nan,nan
10.890358448028564,-0.023630425333976746,0.005821795202791691,-3.8810606002807617,0.0002818572293888353,0.0011610984802246094,0.0,0.0,-5.0,nan,nan,nan,nan,nan
10.9008469581604,-0.023630425333976746,0.005821795202791691,-3.8810606002807617,0.0002818572293888353,0.0013737678527832031,0.0,0.0,-5.0,nan,nan,nan,nan,nan
10.911401987075806,-0.02311444655060768,0.005175360012799501,-3.882695198059082,0.0004751937175455911,0.0010881423950195312,0.0,0.0,-5.0,nan,nan,nan,nan,nan
10.920374393463135,-0.02311444655060768,0.005175360012799501,-3.882695198059082,0.0004751937175455911,0.0011429786682128906,0.0,0.0,-5.0,nan,nan,nan,nan,nan
10.930397033691406,-0.02311444655060768,0.005175360012799501,-3.882695198059082,0.0004751937175455911,0.001186370849609375,0.0,0.0,-5.0,nan,nan,nan,nan,nan
10.940204620361328,-0.02257460542023182,0.004503184929490089,-3.8843069076538086,0.0006555886946797064,0.0006844997406005859,0.0,0.0,-5.0,nan,nan,nan,nan,nan
10.950289249420166,-0.02257460542023182,0.004503184929490089,-3.8843069076538086,0.0006555886946797064,0.0006613731384277344,0.0,0.0,-5.0,nan,nan,nan,nan,nan
10.960853338241577,-0.021851709112524986,0.003596559399738908,-3.8864059448242188,0.0008699939623223139,0.0006577968597412109,0.0,0.0,-5.0,nan,nan,nan,nan,nan
10.97047233581543,-0.021851709112524986,0.003596559399738908,-3.8864059448242188,0.0008699939623223139,0.0012230873107910156,0.0,0.0,-5.0,nan,nan,nan,nan,nan
10.980393648147583,-0.021851709112524986,0.003596559399738908,-3.8864059448242188,0.0008699939623223139,0.0008566379547119141,0.0,0.0,-5.0,nan,nan,nan,nan,nan
10.990299701690674,-0.02148916758596897,0.0031313220970332623,-3.8874497413635254,0.0009618154355237718,0.0009319782257080078,0.0,0.0,-5.0,nan,nan,nan,nan,nan
11.000459671020508,-0.02148916758596897,0.0031313220970332623,-3.8874497413635254,0.0009618154355237718,0.0007016658782958984,0.0,0.0,-5.0,nan,nan,nan,nan,nan
11.011089324951172,-0.020944874733686447,0.0024272222071886063,-3.889012336730957,0.0010674178918880024,0.0010838508605957031,0.0,0.0,-5.0,nan,nan,nan,nan,nan
11.020443439483643,-0.020944874733686447,0.0024272222071886063,-3.889012336730957,0.0010674178918880024,0.0013217926025390625,0.0,0.0,-5.0,nan,nan,nan,nan,nan
11.030585765838623,-0.020944874733686447,0.0024272222071886063,-3.889012336730957,0.0010674178918880024,0.0013766288757324219,0.0,0.0,-5.0,nan,nan,nan,nan,nan
11.040289163589478,-0.020400553941726685,0.0016718851402401924,-3.8905892372131348,0.0011472519213788545,0.0009243488311767578,0.0,0.0,-5.0,nan,nan,nan,nan,nan
11.050351858139038,-0.020400553941726685,0.0016718851402401924,-3.8905892372131348,0.0011472519213788545,0.001186370849609375,0.0,0.0,-5.0,nan,nan,nan,nan,nan
11.061079740524292,-0.019651520997285843,0.0006113784620538354,-3.892751693725586,0.0012159157745441514,0.0008609294891357422,0.0,0.0,-5.0,nan,nan,nan,nan,nan
11.070293664932251,-0.019651520997285843,0.0006113784620538354,-3.892751693725586,0.0012159157745441514,0.0009307861328125,0.0,0.0,-5.0,nan,nan,nan,nan,nan
11.080313682556152,-0.019651520997285843,0.0006113784620538354,-3.892751693725586,0.0012159157745441514,0.0008978843688964844,0.0,0.0,-5.0,nan,nan,nan,nan,nan
11.090240716934204,-0.01906505599617958,-0.00019359859288670123,-3.8943495750427246,0.001221085240895669,0.001007080078125,0.0,0.0,-5.0,nan,nan,nan,nan,nan
11.100587844848633,-0.01906505599617958,-0.00019359859288670123,-3.8943495750427246,0.001221085240895669,0.0009653568267822266,0.0,0.0,-5.0,nan,nan,nan,nan,nan
11.111083984375,-0.018671439960598946,-0.0007199307437986135,-3.8954010009765625,0.0012159698382552624,0.0009031295776367188,0.0,0.0,-5.0,nan,nan,nan,nan,nan
11.120303869247437,-0.018671439960598946,-0.0007199307437986135,-3.8954010009765625,0.0012159698382552624,0.0008332729339599609,0.0,0.0,-5.0,nan,nan,nan,nan,nan
11.130278825759888,-0.018671439960598946,-0.0007199307437986135,-3.8954010009765625,0.0012159698382552624,0.0008685588836669922,0.0,0.0,-5.0,nan,nan,nan,nan,nan
11.14043641090393,-0.017793860286474228,-0.0017250197706744075,-3.8974556922912598,0.0012179251855224205,0.0014178752899169922,0.0,0.0,-5.0,nan,nan,nan,nan,nan
11.150388240814209,-0.017793860286474228,-0.0017250197706744075,-3.8974556922912598,0.0012179251855224205,0.0013039112091064453,0.0,0.0,-5.0,nan,nan,nan,nan,nan
11.161468744277954,-0.0173164214938879,-0.002200391609221697,-3.8984546661376953,0.0012050868371527483,0.0008740425109863281,0.0,0.0,-5.0,nan,nan,nan,nan,nan
11.170394897460938,-0.0173164214938879,-0.002200391609221697,-3.8984546661376953,0.0012050868371527483,0.0009222030639648438,0.0,0.0,-5.0,nan,nan,nan,nan,nan
11.180493116378784,-0.0173164214938879,-0.002200391609221697,-3.8984546661376953,0.0012050868371527483,0.0010216236114501953,0.0,0.0,-5.0,nan,nan,nan,nan,nan
11.190246820449829,-0.016361583024263382,-0.0031387016642838717,-3.9004082679748535,0.0011844148486788836,0.0008769035339355469,0.0,0.0,-5.0,nan,nan,nan,nan,nan
11.200695991516113,-0.016361583024263382,-0.0031387016642838717,-3.9004082679748535,0.0011844148486788836,0.0006439685821533203,0.0,0.0,-5.0,nan,nan,nan,nan,nan
11.211138248443604,-0.015651164576411247,-0.0038277253042906523,-3.9018354415893555,0.0011397108190982523,0.0007827281951904297,0.0,0.0,-5.0,nan,nan,nan,nan,nan
11.220380306243896,-0.015651164576411247,-0.0038277253042906523,-3.9018354415893555,0.0011397108190982523,0.0007421970367431641,0.0,0.0,-5.0,nan,nan,nan,nan,nan
11.230535984039307,-0.015651164576411247,-0.0038277253042906523,-3.9018354415893555,0.0011397108190982523,0.0014815330505371094,0.0,0.0,-5.0,nan,nan,nan,nan,nan
11.240371704101562,-0.014754749834537506,-0.004729086067527533,-3.903695583343506,0.0010538431952995103,0.0014905929565429688,0.0,0.0,-5.0,nan,nan,nan,nan,nan
11.250158548355103,-0.014754749834537506,-0.004729086067527533,-3.903695583343506,0.0010538431952995103,0.0006723403930664062,0.0,0.0,-5.0,nan,nan,nan,nan,nan
11.261001586914062,-0.014368470758199692,-0.005171883851289749,-3.9046053886413574,0.0010085474674851273,0.0006814002990722656,0.0,0.0,-5.0,nan,nan,nan,nan,nan
11.270190954208374,-0.014368470758199692,-0.005171883851289749,-3.9046053886413574,0.0010085474674851273,0.0005629062652587891,0.0,0.0,-5.0,nan,nan,nan,nan,nan
11.280389070510864,-0.014368470758199692,-0.005171883851289749,-3.9046053886413574,0.0010085474674851273,0.0013911724090576172,0.0,0.0,-5.0,nan,nan,nan,nan,nan
11.290233850479126,-0.013636238873004913,-0.006037774495780468,-3.906416416168213,0.0008904341141483772,0.0009329319000244141,0.0,0.0,-5.0,nan,nan,nan,nan,nan
11.300995588302612,-0.013636238873004913,-0.006037774495780468,-3.906416416168213,0.0008904341141483772,0.0012848377227783203,0.0,0.0,-5.0,nan,nan,nan,nan,nan
11.311764240264893,-0.013289553113281727,-0.006458691321313381,-3.907315254211426,0.0008309533704919147,0.0014963150024414062,0.0,0.0,-5.0,nan,nan,nan,nan,nan
11.32042121887207,-0.013289553113281727,-0.006458691321313381,-3.907315254211426,0.0008309533704919147,0.0015635490417480469,0.0,0.0,-5.0,nan,nan,nan,nan,nan
11.330369234085083,-0.013289553113281727,-0.006458691321313381,-3.907315254211426,0.0008309533704919147,0.0010600090026855469,0.0,0.0,-5.0,nan,nan,nan,nan,nan
11.34034013748169,-0.012710439041256905,-0.007263460662215948,-3.9090442657470703,0.0007044038445265436,0.0013723373413085938,0.0,0.0,-5.0,nan,nan,nan,nan,nan
11.350326776504517,-0.012710439041256905,-0.007263460662215948,-3.9090442657470703,0.0007044038445265436,0.0007495880126953125,0.0,0.0,-5.0,nan,nan,nan,nan,nan
11.360925436019897,-0.012451734393835068,-0.007646841462701559,-3.909903049468994,0.0006272067078865396,0.0012698173522949219,0.0,0.0,-5.0,nan,nan,nan,nan,nan
11.370460987091064,-0.012451734393835068,-0.007646841462701559,-3.909903049468994,0.0006272067078865396,0.0013780593872070312,0.0,0.0,-5.0,nan,nan,nan,nan,nan
11.380369424819946,-0.012451734393835068,-0.007646841462701559,-3.909903049468994,0.0006272067078865396,0.0013911724090576172,0.0,0.0,-5.0,nan,nan,nan,nan,nan
11.390357255935669,-0.011982091702520847,-0.008351900614798069,-3.9115819931030273,0.00046559463836375655,0.0015642642974853516,0.0,0.0,-5.0,nan,nan,nan,nan,nan
11.40076494216919,-0.011982091702520847,-0.008351900614798069,-3.9115819931030273,0.00046559463836375655,0.0013837814331054688,0.0,0.0,-5.0,nan,nan,nan,nan,nan
11.411614418029785,-0.011680387891829014,-0.00884317234158516,-3.91280460357666,0.0003622031894060659,0.0010356903076171875,0.0,0.0,-5.0,nan,nan,nan,nan,nan
11.420271396636963,-0.011680387891829014,-0.00884317234158516,-3.91280460357666,0.0003622031894060659,0.0007040500640869141,0.0,0.0,-5.0,nan,nan,nan,nan,nan
11.430554866790771,-0.011680387891829014,-0.00884317234158516,-3.91280460357666,0.0003622031894060659,0.001369476318359375,0.0,0.0,-5.0,nan,nan,nan,nan,nan
11.440349340438843,-0.011410785838961601,-0.009328888729214668,-3.913998603820801,0.00024621434825937427,0.0012996196746826172,0.0,0.0,-5.0,nan,nan,nan,nan,nan
11.45048189163208,-0.011410785838961601,-0.009328888729214668,-3.913998603820801,0.00024621434825937427,0.0017518997192382812,0.0,0.0,-5.0,nan,nan,nan,nan,nan
11.461737155914307,-0.011195111088454723,-0.009840605780482292,-3.9151487350463867,0.00013292253568261345,0.0014541149139404297,0.0,0.0,-5.0,nan,nan,nan,nan,nan
11.470388174057007,-0.011195111088454723,-0.009840605780482292,-3.9151487350463867,0.00013292253568261345,0.0013320446014404297,0.0,0.0,-5.0,nan,nan,nan,nan,nan
11.48047161102295,-0.011195111088454723,-0.009840605780482292,-3.9151487350463867,0.00013292253568261345,0.0014350414276123047,0.0,0.0,-5.0,nan,nan,nan,nan,nan
11.490513324737549,-0.010942991822957993,-0.010480069555342197,-3.9166507720947266,-3.0234428125067376e-05,0.0016131401062011719,0.0,0.0,-5.0,nan,nan,nan,nan,nan
11.50073790550232,-0.010942991822957993,-0.010480069555342197,-3.9166507720947266,-3.0234428125067376e-05,0.001455545425415039,0.0,0.0,-5.0,nan,nan,nan,nan,nan
11.511627912521362,-0.010832170024514198,-0.010783923789858818,-3.917387008666992,-0.00010370367644348209,0.001196146011352539,0.0,0.0,-5.0,nan,nan,nan,nan,nan
11.520365238189697,-0.010832170024514198,-0.010783923789858818,-3.917387008666992,-0.00010370367644348209,0.0013070106506347656,0.0,0.0,-5.0,nan,nan,nan,nan,nan
11.530293941497803,-0.010832170024514198,-0.010783923789858818,-3.917387008666992,-0.00010370367644348209,0.0014314651489257812,0.0,0.0,-5.0,nan,nan,nan,nan,nan
11.540328025817871,-0.010640542022883892,-0.011205506511032581,-3.918429374694824,-0.0001857436629997579,0.001068115234375,0.0,0.0,-5.0,nan,nan,nan,nan,nan
11.550256967544556,-0.010640542022883892,-0.011205506511032581,-3.918429374694824,-0.0001857436629997579,0.0008690357208251953,0.0,0.0,-5.0,nan,nan,nan,nan,nan
11.561364650726318,-0.01040835864841938,-0.011621186509728432,-3.919437885284424,-0.00026647535365131956,0.0010161399841308594,0.0,0.0,-5.0,nan,nan,nan,nan,nan
11.570405006408691,-0.01040835864841938,-0.011621186509728432,-3.919437885284424,-0.00026647535365131956,0.0014147758483886719,0.0,0.0,-5.0,nan,nan,nan,nan,nan
11.580335855484009,-0.01040835864841938,-0.011621186509728432,-3.919437885284424,-0.00026647535365131956,0.0012874603271484375,0.0,0.0,-5.0,nan,nan,nan,nan,nan
11.590370893478394,-0.010058402083814144,-0.012177790515124798,-3.9207286834716797,-0.00034720860470533713,0.0014526844024658203,0.0,0.0,-5.0,nan,nan,nan,nan,nan
11.600625276565552,-0.010058402083814144,-0.012177790515124798,-3.9207286834716797,-0.00034720860470533713,0.001352548599243164,0.0,0.0,-5.0,nan,nan,nan,nan,nan
11.611656904220581,-0.00977929774671793,-0.012598464265465736,-3.921654224395752,-0.00039394011382561556,0.0013582706451416016,0.0,0.0,-5.0,nan,nan,nan,nan,nan
11.620334386825562,-0.00977929774671793,-0.012598464265465736,-3.921654224395752,-0.00039394011382561556,0.0012557506561279297,0.0,0.0,-5.0,nan,nan,nan,nan,nan
11.630342483520508,-0.00977929774671793,-0.012598464265465736,-3.921654224395752,-0.00039394011382561556,0.0013136863708496094,0.0,0.0,-5.0,nan,nan,nan,nan,nan
11.640373229980469,-0.00958534236997366,-0.012881346978247166,-3.9222464561462402,-0.00043178828497173003,0.0014569759368896484,0.0,0.0,-5.0,nan,nan,nan,nan,nan
11.650376796722412,-0.00958534236997366,-0.012881346978247166,-3.9222464561462402,-0.00043178828497173003,0.0015447139739990234,0.0,0.0,-5.0,nan,nan,nan,nan,nan
11.660410165786743,-0.00958534236997366,-0.012881346978247166,-3.9222464561462402,-0.00043178828497173003,0.0015079975128173828,0.0,0.0,-5.0,nan,nan,nan,nan,nan
11.6703200340271,-0.009226110763847828,-0.013441854156553745,-3.9233484268188477,-0.0004817422576645161,0.0013039112091064453,0.0,0.0,-5.0,nan,nan,nan,nan,nan
11.68031120300293,-0.009226110763847828,-0.013441854156553745,-3.9233484268188477,-0.0004817422576645161,0.0007646083831787109,0.0,0.0,-5.0,nan,nan,nan,nan,nan
11.690221309661865,-0.00886121392250061,-0.01402493380010128,-3.924346446990967,-0.0005236053079824738,0.0006949901580810547,0.0,0.0,-5.0,nan,nan,nan,nan,nan
11.700655937194824,-0.00886121392250061,-0.01402493380010128,-3.924346446990967,-0.0005236053079824738,0.0008721351623535156,0.0,0.0,-5.0,nan,nan,nan,nan,nan
11.711219787597656,-0.008681938983500004,-0.014319457113742828,-3.9248385429382324,-0.000534302863978018,0.001379251480102539,0.0,0.0,-5.0,nan,nan,nan,nan,nan
11.720426321029663,-0.008681938983500004,-0.014319457113742828,-3.9248385429382324,-0.000534302863978018,0.0013129711151123047,0.0,0.0,-5.0,nan,nan,nan,nan,nan
11.730455875396729,-0.008681938983500004,-0.014319457113742828,-3.9248385429382324,-0.000534302863978018,0.0013186931610107422,0.0,0.0,-5.0,nan,nan,nan,nan,nan
11.740407228469849,-0.00842262152582407,-0.014752408489584923,-3.9255833625793457,-0.0005589852813175575,0.0007197856903076172,0.0,0.0,-5.0,nan,nan,nan,nan,nan
11.750548124313354,-0.00842262152582407,-0.014752408489584923,-3.9255833625793457,-0.0005589852813175575,0.0011529922485351562,0.0,0.0,-5.0,nan,nan,nan,nan,nan
11.761788606643677,-0.008186372928321362,-0.015175048261880875,-3.926304817199707,-0.0005746395331431393,0.001482248306274414,0.0,0.0,-5.0,nan,nan,nan,nan,nan
11.770418643951416,-0.008186372928321362,-0.015175048261880875,-3.926304817199707,-0.0005746395331431393,0.0014369487762451172,0.0,0.0,-5.0,nan,nan,nan,nan,nan
11.78053617477417,-0.008186372928321362,-0.015175048261880875,-3.926304817199707,-0.0005746395331431393,0.0015773773193359375,0.0,0.0,-5.0,nan,nan,nan,nan,nan
11.790448188781738,-0.00795799121260643,-0.015581383369863033,-3.9270291328430176,-0.0005917196746258139,0.001598358154296875,0.0,0.0,-5.0,nan,nan,nan,nan,nan
11.80090069770813,-0.00795799121260643,-0.015581383369863033,-3.9270291328430176,-0.0005917196746258139,0.0012001991271972656,0.0,0.0,-5.0,nan,nan,nan,nan,nan
11.81238079071045,-0.0076348488219082355,-0.016095712780952454,-3.9279580116271973,-0.0005909100392586286,0.0019299983978271484,0.0,0.0,-5.0,nan,nan,nan,nan,nan
11.820471286773682,-0.0076348488219082355,-0.016095712780952454,-3.9279580116271973,-0.0005909100392586286,0.001569509506225586,0.0,0.0,-5.0,nan,nan,nan,nan,nan
11.83050274848938,-0.0076348488219082355,-0.016095712780952454,-3.9279580116271973,-0.0005909100392586286,0.0012476444244384766,0.0,0.0,-5.0,nan,nan,nan,nan,nan
11.840314865112305,-0.007459181360900402,-0.01634848304092884,-3.9284067153930664,-0.0005915856736950445,0.0011606216430664062,0.0,0.0,-5.0,nan,nan,nan,nan,nan
11.850488662719727,-0.007459181360900402,-0.01634848304092884,-3.9284067153930664,-0.0005915856736950445,0.0011513233184814453,0.0,0.0,-5.0,nan,nan,nan,nan,nan
11.861375093460083,-0.007069207262247801,-0.016824038699269295,-3.9292616844177246,-0.0006024448226326808,0.001043558120727539,0.0,0.0,-5.0,nan,nan,nan,nan,nan
11.870402574539185,-0.007069207262247801,-0.016824038699269295,-3.9292616844177246,-0.0006024448226326808,0.0009930133819580078,0.0,0.0,-5.0,nan,nan,nan,nan,nan
11.880401372909546,-0.007069207262247801,-0.016824038699269295,-3.9292616844177246,-0.0006024448226326808,0.0017650127410888672,0.0,0.0,-5.0,nan,nan,nan,nan,nan
11.89033555984497,-0.006856532301753759,-0.01704379729926586,-3.929670810699463,-0.000605785994818887,0.0011205673217773438,0.0,0.0,-5.0,nan,nan,nan,nan,nan
11.90093469619751,-0.006856532301753759,-0.01704379729926586,-3.929670810699463,-0.000605785994818887,0.0013706684112548828,0.0,0.0,-5.0,nan,nan,nan,nan,nan
11.911454916000366,-0.00638309633359313,-0.017406882718205452,-3.9305243492126465,-0.0006211637046898709,0.0010914802551269531,0.0,0.0,-5.0,nan,nan,nan,nan,nan
11.920265436172485,-0.00638309633359313,-0.017406882718205452,-3.9305243492126465,-0.0006211637046898709,0.00093841552734375,0.0,0.0,-5.0,nan,nan,nan,nan,nan
11.9303457736969,-0.00638309633359313,-0.017406882718205452,-3.9305243492126465,-0.0006211637046898709,0.0008416175842285156,0.0,0.0,-5.0,nan,nan,nan,nan,nan
11.940213441848755,-0.006107056513428688,-0.01751813478767872,-3.9309492111206055,-0.0006105253531097477,0.0007464885711669922,0.0,0.0,-5.0,nan,nan,nan,nan,nan
11.950328588485718,-0.006107056513428688,-0.01751813478767872,-3.9309492111206055,-0.0006105253531097477,0.0014882087707519531,0.0,0.0,-5.0,nan,nan,nan,nan,nan
11.96319031715393,-0.005499598104506731,-0.017596734687685966,-3.9318017959594727,-0.0005817755237443258,0.001117706298828125,0.0,0.0,-5.0,nan,nan,nan,nan,nan
11.97029995918274,-0.005499598104506731,-0.017596734687685966,-3.9318017959594727,-0.0005817755237443258,0.0011262893676757812,0.0,0.0,-5.0,nan,nan,nan,nan,nan
11.98042917251587,-0.005499598104506731,-0.017596734687685966,-3.9318017959594727,-0.0005817755237443258,0.001489877700805664,0.0,0.0,-5.0,nan,nan,nan,nan,nan
11.990298509597778,-0.005000364501029253,-0.0175273809581995,-3.9324440956115723,-0.0005363595709340747,0.0017349720001220703,0.0,0.0,-5.0,nan,nan,nan,nan,nan
12.000839233398438,-0.005000364501029253,-0.0175273809581995,-3.9324440956115723,-0.0005363595709340747,0.0014653205871582031,0.0,0.0,-5.0,nan,nan,nan,nan,nan
12.011759757995605,-0.004299210384488106,-0.017313506454229355,-3.933311939239502,-0.00045254713898563764,0.001422882080078125,0.0,0.0,-5.0,nan,nan,nan,nan,nan
12.02037262916565,-0.004299210384488106,-0.017313506454229355,-3.933311939239502,-0.00045254713898563764,0.0014064311981201172,0.0,0.0,-5.0,nan,nan,nan,nan,nan
12.030414581298828,-0.004299210384488106,-0.017313506454229355,-3.933311939239502,-0.00045254713898563764,0.0014524459838867188,0.0,0.0,-5.0,nan,nan,nan,nan,nan
12.040260791778564,-0.003913023974746466,-0.017132705077528954,-3.933755397796631,-0.0004057448102540639,0.0010471343994140625,0.0,0.0,-5.0,nan,nan,nan,nan,nan
12.050530195236206,-0.003913023974746466,-0.017132705077528954,-3.933755397796631,-0.0004057448102540639,0.001367330551147461,0.0,0.0,-5.0,nan,nan,nan,nan,nan
12.060990571975708,-0.003091482212767005,-0.016658375039696693,-3.934666156768799,-0.00030186140397149975,0.0007481575012207031,0.0,0.0,-5.0,nan,nan,nan,nan,nan
12.070250034332275,-0.003091482212767005,-0.016658375039696693,-3.934666156768799,-0.00030186140397149975,0.0009770393371582031,0.0,0.0,-5.0,nan,nan,nan,nan,nan
12.080467462539673,-0.003091482212767005,-0.016658375039696693,-3.934666156768799,-0.00030186140397149975,0.0014903545379638672,0.0,0.0,-5.0,nan,nan,nan,nan,nan
12.090333223342896,-0.002638732548803091,-0.016353826969861984,-3.9351491928100586,-0.0002507184842794063,0.0011785030364990234,0.0,0.0,-5.0,nan,nan,nan,nan,nan
12.100919246673584,-0.002638732548803091,-0.016353826969861984,-3.9351491928100586,-0.0002507184842794063,0.0015234947204589844,0.0,0.0,-5.0,nan,nan,nan,nan,nan
12.111932039260864,-0.0016433357959613204,-0.015602522529661655,-3.9361371994018555,-0.0001286455750839628,0.0014448165893554688,0.0,0.0,-5.0,nan,nan,nan,nan,nan
12.120300769805908,-0.0016433357959613204,-0.015602522529661655,-3.9361371994018555,-0.0001286455750839628,0.0010685920715332031,0.0,0.0,-5.0,nan,nan,nan,nan,nan
12.130301713943481,-0.0016433357959613204,-0.015602522529661655,-3.9361371994018555,-0.0001286455750839628,0.0010144710540771484,0.0,0.0,-5.0,nan,nan,nan,nan,nan
12.140400886535645,-0.0011054748902097344,-0.015160373412072659,-3.9366555213928223,-7.390939691862019e-05,0.001500844955444336,0.0,0.0,-5.0,nan,nan,nan,nan,nan
12.150377988815308,-0.0011054748902097344,-0.015160373412072659,-3.9366555213928223,-7.390939691862019e-05,0.0014960765838623047,0.0,0.0,-5.0,nan,nan,nan,nan,nan
12.162002086639404,-0.0002544927119743079,-0.014423785731196404,-3.937469005584717,8.41392614443011e-06,0.001458883285522461,0.0,0.0,-5.0,nan,nan,nan,nan,nan
12.170389652252197,-0.0002544927119743079,-0.014423785731196404,-3.937469005584717,8.41392614443011e-06,0.0013744831085205078,0.0,0.0,-5.0,nan,nan,nan,nan,nan
12.180438995361328,-0.0002544927119743079,-0.014423785731196404,-3.937469005584717,8.41392614443011e-06,0.0012001991271972656,0.0,0.0,-5.0,nan,nan,nan,nan,nan
12.190214157104492,0.0009276110795326531,-0.013325699605047703,-3.9385533332824707,0.00013381012055917478,0.00075531005859375,0.0,0.0,-5.0,nan,nan,nan,nan,nan
12.200854778289795,0.0009276110795326531,-0.013325699605047703,-3.9385533332824707,0.00013381012055917478,0.0014722347259521484,0.0,0.0,-5.0,nan,nan,nan,nan,nan
12.211520195007324,0.0021475432440638542,-0.012103666551411152,-3.9396109580993652,0.00025266709405243103,0.0011608600616455078,0.0,0.0,-5.0,nan,nan,nan,nan,nan
12.220514297485352,0.0021475432440638542,-0.012103666551411152,-3.9396109580993652,0.00025266709405243103,0.001560211181640625,0.0,0.0,-5.0,nan,nan,nan,nan,nan
12.230518579483032,0.0021475432440638542,-0.012103666551411152,-3.9396109580993652,0.00025266709405243103,0.0016794204711914062,0.0,0.0,-5.0,nan,nan,nan,nan,nan
12.240378379821777,0.0027572805993258953,-0.011469120159745216,-3.940124988555908,0.00031229246668662623,0.0015299320220947266,0.0,0.0,-5.0,nan,nan,nan,nan,nan
12.250516891479492,0.0027572805993258953,-0.011469120159745216,-3.940124988555908,0.00031229246668662623,0.0015261173248291016,0.0,0.0,-5.0,nan,nan,nan,nan,nan
12.26154637336731,0.0036460573319345713,-0.010491886176168919,-3.940850257873535,0.0003955637033743205,0.001079559326171875,0.0,0.0,-5.0,nan,nan,nan,nan,nan
12.270225048065186,0.0036460573319345713,-0.010491886176168919,-3.940850257873535,0.0003955637033743205,0.0007421970367431641,0.0,0.0,-5.0,nan,nan,nan,nan,nan
12.280278444290161,0.0036460573319345713,-0.010491886176168919,-3.940850257873535,0.0003955637033743205,0.0008683204650878906,0.0,0.0,-5.0,nan,nan,nan,nan,nan
12.290229558944702,0.004486579913645983,-0.009525446221232414,-3.9415512084960938,0.0004713235218011339,0.0006737709045410156,0.0,0.0,-5.0,nan,nan,nan,nan,nan
12.300928592681885,0.004486579913645983,-0.009525446221232414,-3.9415512084960938,0.0004713235218011339,0.0017075538635253906,0.0,0.0,-5.0,nan,nan,nan,nan,nan
12.311124801635742,0.005269475746899843,-0.008558624424040318,-3.9422035217285156,0.0005426939423742968,0.0007712841033935547,0.0,0.0,-5.0,nan,nan,nan,nan,nan
12.320258617401123,0.005269475746899843,-0.008558624424040318,-3.9422035217285156,0.0005426939423742968,0.0007526874542236328,0.0,0.0,-5.0,nan,nan,nan,nan,nan
12.330510377883911,0.005269475746899843,-0.008558624424040318,-3.9422035217285156,0.0005426939423742968,0.001657247543334961,0.0,0.0,-5.0,nan,nan,nan,nan,nan
12.340337991714478,0.005976813845336437,-0.007581979501992464,-3.942850112915039,0.0006078210942137304,0.002099752426147461,0.0,0.0,-5.0,nan,nan,nan,nan,nan
12.350514888763428,0.005976813845336437,-0.007581979501992464,-3.942850112915039,0.0006078210942137304,0.0017058849334716797,0.0,0.0,-5.0,nan,nan,nan,nan,nan
12.360915422439575,0.006633718032389879,-0.006619815248996019,-3.9434380531311035,0.0006646658540885137,0.0011260509490966797,0.0,0.0,-5.0,nan,nan,nan,nan,nan
12.370431423187256,0.006633718032389879,-0.006619815248996019,-3.9434380531311035,0.0006646658540885137,0.001081705093383789,0.0,0.0,-5.0,nan,nan,nan,nan,nan
12.380432605743408,0.006633718032389879,-0.006619815248996019,-3.9434380531311035,0.0006646658540885137,0.001161813735961914,0.0,0.0,-5.0,nan,nan,nan,nan,nan
12.390285730361938,0.007436143700033426,-0.005376889370381832,-3.9441308975219727,0.0007437257112729024,0.0011947154998779297,0.0,0.0,-5.0,nan,nan,nan,nan,nan
12.400808572769165,0.007436143700033426,-0.005376889370381832,-3.9441308975219727,0.0007437257112729024,0.0017552375793457031,0.0,0.0,-5.0,nan,nan,nan,nan,nan
12.411549091339111,0.007990492507815361,-0.004487821366637945,-3.9446005821228027,0.0008064298214634427,0.0015707015991210938,0.0,0.0,-5.0,nan,nan,nan,nan,nan
12.420363187789917,0.007990492507815361,-0.004487821366637945,-3.9446005821228027,0.0008064298214634427,0.0010428428649902344,0.0,0.0,-5.0,nan,nan,nan,nan,nan
12.430412769317627,0.007990492507815361,-0.004487821366637945,-3.9446005821228027,0.0008064298214634427,0.001068115234375,0.0,0.0,-5.0,nan,nan,nan,nan,nan
12.44031047821045,0.00850929506123066,-0.0036415073554962873,-3.9450526237487793,0.0008503572341948794,0.0011687278747558594,0.0,0.0,-5.0,nan,nan,nan,nan,nan
12.45050835609436,0.00850929506123066,-0.0036415073554962873,-3.9450526237487793,0.0008503572341948794,0.0016911029815673828,0.0,0.0,-5.0,nan,nan,nan,nan,nan
12.461835861206055,0.009036684408783913,-0.002828097203746438,-3.945511817932129,0.0008749338214950517,0.0016140937805175781,0.0,0.0,-5.0,nan,nan,nan,nan,nan
12.470447063446045,0.009036684408783913,-0.002828097203746438,-3.945511817932129,0.0008749338214950517,0.0017592906951904297,0.0,0.0,-5.0,nan,nan,nan,nan,nan
12.480499029159546,0.009036684408783913,-0.002828097203746438,-3.945511817932129,0.0008749338214950517,0.001600503921508789,0.0,0.0,-5.0,nan,nan,nan,nan,nan
12.490401029586792,0.009539012797176838,-0.002017067279666662,-3.9459848403930664,0.0008859759333455671,0.0015857219696044922,0.0,0.0,-5.0,nan,nan,nan,nan,nan
12.500956773757935,0.009539012797176838,-0.002017067279666662,-3.9459848403930664,0.0008859759333455671,0.0009410381317138672,0.0,0.0,-5.0,nan,nan,nan,nan,nan
12.510961294174194,0.0100196972489357,-0.0012126347282901406,-3.946465015411377,0.0008976854711884848,0.0015685558319091797,0.0,0.0,-5.0,nan,nan,nan,nan,nan
12.520350217819214,0.0100196972489357,-0.0012126347282901406,-3.946465015411377,0.0008976854711884848,0.0008397102355957031,0.0,0.0,-5.0,nan,nan,nan,nan,nan
12.530267477035522,0.0100196972489357,-0.0012126347282901406,-3.946465015411377,0.0008976854711884848,0.0007913112640380859,0.0,0.0,-5.0,nan,nan,nan,nan,nan
12.540204286575317,0.010483359917998314,-0.0004170341999270022,-3.9469499588012695,0.0008855263630374047,0.0007462501525878906,0.0,0.0,-5.0,nan,nan,nan,nan,nan
12.550355195999146,0.010483359917998314,-0.0004170341999270022,-3.9469499588012695,0.0008855263630374047,0.0010504722595214844,0.0,0.0,-5.0,nan,nan,nan,nan,nan
12.561052322387695,0.010899165645241737,0.00034019738086499274,-3.9474315643310547,0.000883113743152252,0.0007805824279785156,0.0,0.0,-5.0,nan,nan,nan,nan,nan
12.570235252380371,0.010899165645241737,0.00034019738086499274,-3.9474315643310547,0.000883113743152252,0.0006966590881347656,0.0,0.0,-5.0,nan,nan,nan,nan,nan
12.580297231674194,0.010899165645241737,0.00034019738086499274,-3.9474315643310547,0.000883113743152252,0.0007770061492919922,0.0,0.0,-5.0,nan,nan,nan,nan,nan
12.590233564376831,0.011359828524291515,0.0013084528036415577,-3.948057174682617,0.0008789364631615332,0.000782012939453125,0.0,0.0,-5.0,nan,nan,nan,nan,nan
12.60075569152832,0.011359828524291515,0.0013084528036415577,-3.948057174682617,0.0008789364631615332,0.0014569759368896484,0.0,0.0,-5.0,nan,nan,nan,nan,nan
12.611866235733032,0.011553791351616383,0.0017771777929738164,-3.9483532905578613,0.0008703514885739299,0.0014486312866210938,0.0,0.0,-5.0,nan,nan,nan,nan,nan
12.62036418914795,0.011553791351616383,0.0017771777929738164,-3.9483532905578613,0.0008703514885739299,0.001066446304321289,0.0,0.0,-5.0,nan,nan,nan,nan,nan
12.630338907241821,0.011553791351616383,0.0017771777929738164,-3.9483532905578613,0.0008703514885739299,0.0008513927459716797,0.0,0.0,-5.0,nan,nan,nan,nan,nan
12.640274047851562,0.011824499815702438,0.0026792697608470917,-3.9489235877990723,0.000844830841891479,0.001561880111694336,0.0,0.0,-5.0,nan,nan,nan,nan,nan
12.650330305099487,0.011824499815702438,0.0026792697608470917,-3.9489235877990723,0.000844830841891479,0.0010461807250976562,0.0,0.0,-5.0,nan,nan,nan,nan,nan
12.660258293151855,0.011824499815702438,0.0026792697608470917,-3.9489235877990723,0.000844830841891479,0.0009217262268066406,0.0,0.0,-5.0,nan,nan,nan,nan,nan
12.670462369918823,0.011984528042376041,0.003313018474727869,-3.949281692504883,0.0008273821604710169,0.0016083717346191406,0.0,0.0,-5.0,nan,nan,nan,nan,nan
12.680428266525269,0.011984528042376041,0.003313018474727869,-3.949281692504883,0.0008273821604710169,0.0015947818756103516,0.0,0.0,-5.0,nan,nan,nan,nan,nan
12.690401792526245,0.01207522489130497,0.0037089954130351543,-3.949512004852295,0.0008083728121708854,0.0015995502471923828,0.0,0.0,-5.0,nan,nan,nan,nan,nan
12.700700998306274,0.01207522489130497,0.0037089954130351543,-3.949512004852295,0.0008083728121708854,0.0015544891357421875,0.0,0.0,-5.0,nan,nan,nan,nan,nan
12.712002277374268,0.012223884463310242,0.00442714337259531,-3.949960231781006,0.0007698538741162657,0.0016105175018310547,0.0,0.0,-5.0,nan,nan,nan,nan,nan
12.720438718795776,0.012223884463310242,0.00442714337259531,-3.949960231781006,0.0007698538741162657,0.0015854835510253906,0.0,0.0,-5.0,nan,nan,nan,nan,nan
12.730432748794556,0.012223884463310242,0.00442714337259531,-3.949960231781006,0.0007698538741162657,0.0015163421630859375,0.0,0.0,-5.0,nan,nan,nan,nan,nan
12.740452766418457,0.012309303507208824,0.004889143165200949,-3.950314521789551,0.0007271313575117505,0.0017194747924804688,0.0,0.0,-5.0,nan,nan,nan,nan,nan
12.750579833984375,0.012309303507208824,0.004889143165200949,-3.950314521789551,0.0007271313575117505,0.0017008781433105469,0.0,0.0,-5.0,nan,nan,nan,nan,nan
12.761837482452393,0.012339024804532528,0.0052897254936397076,-3.950709342956543,0.0006788624449140253,0.0016050338745117188,0.0,0.0,-5.0,nan,nan,nan,nan,nan
12.770480632781982,0.012339024804532528,0.0052897254936397076,-3.950709342956543,0.0006788624449140253,0.0016179084777832031,0.0,0.0,-5.0,nan,nan,nan,nan,nan
12.780511617660522,0.012339024804532528,0.0052897254936397076,-3.950709342956543,0.0006788624449140253,0.0017116069793701172,0.0,0.0,-5.0,nan,nan,nan,nan,nan
12.790362119674683,0.012323505245149136,0.005531887989491224,-3.950995445251465,0.0006390863386418744,0.0018579959869384766,0.0,0.0,-5.0,nan,nan,nan,nan,nan
12.800699472427368,0.012323505245149136,0.005531887989491224,-3.950995445251465,0.0006390863386418744,0.0010113716125488281,0.0,0.0,-5.0,nan,nan,nan,nan,nan
12.811069250106812,0.012222213670611382,0.005961020011454821,-3.951627731323242,0.0005763743901763786,0.0007898807525634766,0.0,0.0,-5.0,nan,nan,nan,nan,nan
12.820278406143188,0.012222213670611382,0.005961020011454821,-3.951627731323242,0.0005763743901763786,0.0009033679962158203,0.0,0.0,-5.0,nan,nan,nan,nan,nan
12.83040165901184,0.012222213670611382,0.005961020011454821,-3.951627731323242,0.0005763743901763786,0.0015568733215332031,0.0,0.0,-5.0,nan,nan,nan,nan,nan
12.840451002120972,0.012041670270264149,0.0062074074521660805,-3.952179431915283,0.0005466766083283517,0.001852273941040039,0.0,0.0,-5.0,nan,nan,nan,nan,nan
12.85056185722351,0.012041670270264149,0.0062074074521660805,-3.952179431915283,0.0005466766083283517,0.0017886161804199219,0.0,0.0,-5.0,nan,nan,nan,nan,nan
12.861470460891724,0.011722084134817123,0.006468084640800953,-3.952963352203369,0.00046777346624302194,0.0007960796356201172,0.0,0.0,-5.0,nan,nan,nan,nan,nan
12.870253324508667,0.011722084134817123,0.006468084640800953,-3.952963352203369,0.00046777346624302194,0.0007016658782958984,0.0,0.0,-5.0,nan,nan,nan,nan,nan
12.880240201950073,0.011722084134817123,0.006468084640800953,-3.952963352203369,0.00046777346624302194,0.000667572021484375,0.0,0.0,-5.0,nan,nan,nan,nan,nan
12.890225887298584,0.011514684185385704,0.0065613905899226665,-3.953371524810791,0.0004404387029939981,0.0009114742279052734,0.0,0.0,-5.0,nan,nan,nan,nan,nan
12.900643587112427,0.011514684185385704,0.0065613905899226665,-3.953371524810791,0.0004404387029939981,0.0008063316345214844,0.0,0.0,-5.0,nan,nan,nan,nan,nan
12.912079572677612,0.010998143814504147,0.006677395664155483,-3.954209804534912,0.0004098527407281453,0.0015647411346435547,0.0,0.0,-5.0,nan,nan,nan,nan,nan
12.92043662071228,0.010998143814504147,0.006677395664155483,-3.954209804534912,0.0004098527407281453,0.0015714168548583984,0.0,0.0,-5.0,nan,nan,nan,nan,nan
12.930563926696777,0.010998143814504147,0.006677395664155483,-3.954209804534912,0.0004098527407281453,0.0017735958099365234,0.0,0.0,-5.0,nan,nan,nan,nan,nan
12.940393686294556,0.010692084208130836,0.006712115369737148,-3.9546456336975098,0.0003880966955016043,0.0015871524810791016,0.0,0.0,-5.0,nan,nan,nan,nan,nan
12.950468301773071,0.010692084208130836,0.006712115369737148,-3.9546456336975098,0.0003880966955016043,0.0019521713256835938,0.0,0.0,-5.0,nan,nan,nan,nan,nan
12.961867570877075,0.009972168132662773,0.006782489828765392,-3.955528736114502,0.0003257306967887675,0.001659393310546875,0.0,0.0,-5.0,nan,nan,nan,nan,nan
12.970427513122559,0.009972168132662773,0.006782489828765392,-3.955528736114502,0.0003257306967887675,0.00160980224609375,0.0,0.0,-5.0,nan,nan,nan,nan,nan
12.980554103851318,0.009972168132662773,0.006782489828765392,-3.955528736114502,0.0003257306967887675,0.0014274120330810547,0.0,0.0,-5.0,nan,nan,nan,nan,nan
12.990304231643677,0.009373391047120094,0.006849356461316347,-3.956226348876953,0.00028286119657031225,0.0008378028869628906,0.0,0.0,-5.0,nan,nan,nan,nan,nan
13.000956058502197,0.009373391047120094,0.006849356461316347,-3.956226348876953,0.00028286119657031225,0.0017347335815429688,0.0,0.0,-5.0,nan,nan,nan,nan,nan
13.012041330337524,0.008747177198529243,0.006929236929863691,-3.956941604614258,0.0002455147286205405,0.0011184215545654297,0.0,0.0,-5.0,nan,nan,nan,nan,nan
13.02034044265747,0.008747177198529243,0.006929236929863691,-3.956941604614258,0.0002455147286205405,0.0011000633239746094,0.0,0.0,-5.0,nan,nan,nan,nan,nan
13.030338764190674,0.008747177198529243,0.006929236929863691,-3.956941604614258,0.0002455147286205405,0.001010894775390625,0.0,0.0,-5.0,nan,nan,nan,nan,nan
13.040303468704224,0.00809728167951107,0.007023396901786327,-3.957663059234619,0.000223490398042604,0.0011444091796875,0.0,0.0,-5.0,nan,nan,nan,nan,nan
13.050385236740112,0.00809728167951107,0.007023396901786327,-3.957663059234619,0.000223490398042604,0.0011439323425292969,0.0,0.0,-5.0,nan,nan,nan,nan,nan
13.061502456665039,0.00720564741641283,0.007210869342088699,-3.958662986755371,0.00018682208981011595,0.0011603832244873047,0.0,0.0,-5.0,nan,nan,nan,nan,nan
13.070411682128906,0.00720564741641283,0.007210869342088699,-3.958662986755371,0.00018682208981011595,0.001489877700805664,0.0,0.0,-5.0,nan,nan,nan,nan,nan
13.08053207397461,0.00720564741641283,0.007210869342088699,-3.958662986755371,0.00018682208981011595,0.00193023681640625,0.0,0.0,-5.0,nan,nan,nan,nan,nan
13.090252161026001,0.006768707651644945,0.007303107064217329,-3.959170341491699,0.000169767950748134,0.0007715225219726562,0.0,0.0,-5.0,nan,nan,nan,nan,nan
13.10080075263977,0.006768707651644945,0.007303107064217329,-3.959170341491699,0.000169767950748134,0.0015382766723632812,0.0,0.0,-5.0,nan,nan,nan,nan,nan
13.111870050430298,0.005909002851694822,0.0075009786523878574,-3.9602088928222656,0.00010985018733064697,0.001589059829711914,0.0,0.0,-5.0,nan,nan,nan,nan,nan
13.12043046951294,0.005909002851694822,0.0075009786523878574,-3.9602088928222656,0.00010985018733064697,0.0015201568603515625,0.0,0.0,-5.0,nan,nan,nan,nan,nan
13.130682945251465,0.005909002851694822,0.0075009786523878574,-3.9602088928222656,0.00010985018733064697,0.001692056655883789,0.0,0.0,-5.0,nan,nan,nan,nan,nan
13.14047884941101,0.00548688555136323,0.007608355488628149,-3.9607324600219727,7.959720974113347e-05,0.0016546249389648438,0.0,0.0,-5.0,nan,nan,nan,nan,nan
13.150517463684082,0.00548688555136323,0.007608355488628149,-3.9607324600219727,7.959720974113347e-05,0.0016546249389648438,0.0,0.0,-5.0,nan,nan,nan,nan,nan
13.161030292510986,0.004645508248358965,0.0078226113691926,-3.9617714881896973,1.1161445657366029e-05,0.0008616447448730469,0.0,0.0,-5.0,nan,nan,nan,nan,nan
13.170430421829224,0.004645508248358965,0.0078226113691926,-3.9617714881896973,1.1161445657366029e-05,0.00150299072265625,0.0,0.0,-5.0,nan,nan,nan,nan,nan
13.180430173873901,0.004645508248358965,0.0078226113691926,-3.9617714881896973,1.1161445657366029e-05,0.0015447139739990234,0.0,0.0,-5.0,nan,nan,nan,nan,nan
13.190357208251953,0.003996262792497873,0.007998376153409481,-3.962576389312744,-3.0807518956767524e-05,0.0015263557434082031,0.0,0.0,-5.0,nan,nan,nan,nan,nan
13.200709104537964,0.003996262792497873,0.007998376153409481,-3.962576389312744,-3.0807518956767524e-05,0.0015332698822021484,0.0,0.0,-5.0,nan,nan,nan,nan,nan
13.212217092514038,0.0035632026847451925,0.008116330951452255,-3.963109016418457,-6.102996332108511e-05,0.0010957717895507812,0.0,0.0,-5.0,nan,nan,nan,nan,nan
13.220341205596924,0.0035632026847451925,0.008116330951452255,-3.963109016418457,-6.102996332108511e-05,0.0008404254913330078,0.0,0.0,-5.0,nan,nan,nan,nan,nan
13.230568408966064,0.0035632026847451925,0.008116330951452255,-3.963109016418457,-6.102996332108511e-05,0.0018172264099121094,0.0,0.0,-5.0,nan,nan,nan,nan,nan
13.240436315536499,0.002662884769961238,0.008452679961919785,-3.9642586708068848,-0.0001530934618183793,0.0015892982482910156,0.0,0.0,-5.0,nan,nan,nan,nan,nan
13.250572681427002,0.002662884769961238,0.008452679961919785,-3.9642586708068848,-0.0001530934618183793,0.0010662078857421875,0.0,0.0,-5.0,nan,nan,nan,nan,nan
13.262094736099243,0.002211639890447259,0.008664567954838276,-3.964869499206543,-0.00019431384214280568,0.001642465591430664,0.0,0.0,-5.0,nan,nan,nan,nan,nan
13.270389556884766,0.002211639890447259,0.008664567954838276,-3.964869499206543,-0.00019431384214280568,0.0008742809295654297,0.0,0.0,-5.0,nan,nan,nan,nan,nan
13.28028154373169,0.002211639890447259,0.008664567954838276,-3.964869499206543,-0.00019431384214280568,0.0007276535034179688,0.0,0.0,-5.0,nan,nan,nan,nan,nan
13.29022479057312,0.001318790833465755,0.009104686789214611,-3.966073989868164,-0.0002966952784688299,0.0007748603820800781,0.0,0.0,-5.0,nan,nan,nan,nan,nan
13.30048942565918,0.001318790833465755,0.009104686789214611,-3.966073989868164,-0.0002966952784688299,0.0006337165832519531,0.0,0.0,-5.0,nan,nan,nan,nan,nan
13.311346530914307,0.0006745708524249494,0.009461218491196632,-3.966987133026123,-0.0003709770769931027,0.0009131431579589844,0.0,0.0,-5.0,nan,nan,nan,nan,nan
13.32025957107544,0.0006745708524249494,0.009461218491196632,-3.966987133026123,-0.0003709770769931027,0.0007250308990478516,0.0,0.0,-5.0,nan,nan,nan,nan,nan
13.330275535583496,0.0006745708524249494,0.009461218491196632,-3.966987133026123,-0.0003709770769931027,0.0007834434509277344,0.0,0.0,-5.0,nan,nan,nan,nan,nan
13.340361595153809,-0.00011434726184234023,0.009947279468178749,-3.968169689178467,-0.0004646775233262293,0.0008170604705810547,0.0,0.0,-5.0,nan,nan,nan,nan,nan
13.350268125534058,-0.00011434726184234023,0.009947279468178749,-3.968169689178467,-0.0004646775233262293,0.0009031295776367188,0.0,0.0,-5.0,nan,nan,nan,nan,nan
13.36170744895935,-0.00046710201422683895,0.010219338349997997,-3.9687743186950684,-0.0005024623442121581,0.0007627010345458984,0.0,0.0,-5.0,nan,nan,nan,nan,nan
13.370266199111938,-0.00046710201422683895,0.010219338349997997,-3.9687743186950684,-0.0005024623442121581,0.0006899833679199219,0.0,0.0,-5.0,nan,nan,nan,nan,nan
13.380456686019897,-0.00046710201422683895,0.010219338349997997,-3.9687743186950684,-0.0005024623442121581,0.0015032291412353516,0.0,0.0,-5.0,nan,nan,nan,nan,nan
13.390230417251587,-0.0011070851469412446,0.010763938538730145,-3.969943046569824,-0.0005792264868845966,0.0008320808410644531,0.0,0.0,-5.0,nan,nan,nan,nan,nan
13.400928735733032,-0.0011070851469412446,0.010763938538730145,-3.969943046569824,-0.0005792264868845966,0.0011930465698242188,0.0,0.0,-5.0,nan,nan,nan,nan,nan
13.41132140159607,-0.0013953790767118335,0.01103584747761488,-3.9705395698547363,-0.0006139695438136894,0.0016186237335205078,0.0,0.0,-5.0,nan,nan,nan,nan,nan
13.420494079589844,-0.0013953790767118335,0.01103584747761488,-3.9705395698547363,-0.0006139695438136894,0.0015819072723388672,0.0,0.0,-5.0,nan,nan,nan,nan,nan
13.430543422698975,-0.0013953790767118335,0.01103584747761488,-3.9705395698547363,-0.0006139695438136894,0.001760244369506836,0.0,0.0,-5.0,nan,nan,nan,nan,nan
13.440409183502197,-0.0019226516596972942,0.011586560867726803,-3.971829891204834,-0.0007028615935404854,0.0016636848449707031,0.0,0.0,-5.0,nan,nan,nan,nan,nan
13.45050835609436,-0.0019226516596972942,0.011586560867726803,-3.971829891204834,-0.0007028615935404854,0.0017435550689697266,0.0,0.0,-5.0,nan,nan,nan,nan,nan
13.462140560150146,-0.002166075399145484,0.011843702755868435,-3.972489833831787,-0.000741568340566962,0.0016884803771972656,0.0,0.0,-5.0,nan,nan,nan,nan,nan
13.47041630744934,-0.002166075399145484,0.011843702755868435,-3.972489833831787,-0.000741568340566962,0.0015439987182617188,0.0,0.0,-5.0,nan,nan,nan,nan,nan
13.480445623397827,-0.002166075399145484,0.011843702755868435,-3.972489833831787,-0.000741568340566962,0.001744985580444336,0.0,0.0,-5.0,nan,nan,nan,nan,nan
13.490512371063232,-0.0025913880672305822,0.012311487458646297,-3.9737815856933594,-0.0008170618979383112,0.0019257068634033203,0.0,0.0,-5.0,nan,nan,nan,nan,nan
13.500955581665039,-0.0025913880672305822,0.012311487458646297,-3.9737815856933594,-0.0008170618979383112,0.0015118122100830078,0.0,0.0,-5.0,nan,nan,nan,nan,nan
13.512317419052124,-0.002856259001418948,0.012614334933459759,-3.974740505218506,-0.0008533143402796859,0.001718282699584961,0.0,0.0,-5.0,nan,nan,nan,nan,nan
13.520423173904419,-0.002856259001418948,0.012614334933459759,-3.974740505218506,-0.0008533143402796859,0.00171661376953125,0.0,0.0,-5.0,nan,nan,nan,nan,nan
13.530472040176392,-0.002856259001418948,0.012614334933459759,-3.974740505218506,-0.0008533143402796859,0.001299142837524414,0.0,0.0,-5.0,nan,nan,nan,nan,nan
13.540246725082397,-0.0030957169365137815,0.01287677139043808,-3.9756946563720703,-0.0008882119288034881,0.0007767677307128906,0.0,0.0,-5.0,nan,nan,nan,nan,nan
13.550316333770752,-0.0030957169365137815,0.01287677139043808,-3.9756946563720703,-0.0008882119288034881,0.0010046958923339844,0.0,0.0,-5.0,nan,nan,nan,nan,nan
13.562175273895264,-0.0033281263895332813,0.01309850811958313,-3.9766345024108887,-0.0009121257795807122,0.0010867118835449219,0.0,0.0,-5.0,nan,nan,nan,nan,nan
13.570314168930054,-0.0033281263895332813,0.01309850811958313,-3.9766345024108887,-0.0009121257795807122,0.0008387565612792969,0.0,0.0,-5.0,nan,nan,nan,nan,nan
13.580293416976929,-0.0033281263895332813,0.01309850811958313,-3.9766345024108887,-0.0009121257795807122,0.0008332729339599609,0.0,0.0,-5.0,nan,nan,nan,nan,nan
13.590819835662842,-0.0036100519355386496,0.013369914144277573,-3.9778223037719727,-0.0009562968069055523,0.003369569778442383,0.0,0.0,-5.0,nan,nan,nan,nan,nan
13.60086178779602,-0.0036100519355386496,0.013369914144277573,-3.9778223037719727,-0.0009562968069055523,0.0014002323150634766,0.0,0.0,-5.0,nan,nan,nan,nan,nan
13.610332250595093,-0.0036100519355386496,0.013369914144277573,-3.9778223037719727,-0.0009562968069055523,0.0008344650268554688,0.0,0.0,-5.0,nan,nan,nan,nan,nan
13.620283603668213,-0.0037414676044136286,0.013495935127139091,-3.9783787727355957,-0.0009606382524196091,0.0007748603820800781,0.0,0.0,-5.0,nan,nan,nan,nan,nan
13.630382776260376,-0.0037414676044136286,0.013495935127139091,-3.9783787727355957,-0.0009606382524196091,0.0018417835235595703,0.0,0.0,-5.0,nan,nan,nan,nan,nan
13.640502691268921,-0.0038195818196982145,0.013615325093269348,-3.9789347648620605,-0.0009664908260040464,0.0015184879302978516,0.0,0.0,-5.0,nan,nan,nan,nan,nan
13.650255680084229,-0.0038195818196982145,0.013615325093269348,-3.9789347648620605,-0.0009664908260040464,0.0009205341339111328,0.0,0.0,-5.0,nan,nan,nan,nan,nan
13.661152124404907,-0.003934904001653194,0.013821875676512718,-3.9800033569335938,-0.0009699366629713781,0.0008211135864257812,0.0,0.0,-5.0,nan,nan,nan,nan,nan
13.670551538467407,-0.003934904001653194,0.013821875676512718,-3.9800033569335938,-0.0009699366629713781,0.0018749237060546875,0.0,0.0,-5.0,nan,nan,nan,nan,nan
13.680471658706665,-0.003934904001653194,0.013821875676512718,-3.9800033569335938,-0.0009699366629713781,0.001699686050415039,0.0,0.0,-5.0,nan,nan,nan,nan,nan
13.69037389755249,-0.003952786326408386,0.013979890383780003,-3.981032371520996,-0.0009552149614054791,0.0017354488372802734,0.0,0.0,-5.0,nan,nan,nan,nan,nan
13.700518131256104,-0.003952786326408386,0.013979890383780003,-3.981032371520996,-0.0009552149614054791,0.000720977783203125,0.0,0.0,-5.0,nan,nan,nan,nan,nan
13.710425853729248,-0.003952786326408386,0.013979890383780003,-3.981032371520996,-0.0009552149614054791,0.0010747909545898438,0.0,0.0,-5.0,nan,nan,nan,nan,nan
13.720354318618774,-0.003890541149303317,0.01405018474906683,-3.9817681312561035,-0.000925608354250422,0.001065969467163086,0.0,0.0,-5.0,nan,nan,nan,nan,nan
13.730329513549805,-0.003890541149303317,0.01405018474906683,-3.9817681312561035,-0.000925608354250422,0.0009348392486572266,0.0,0.0,-5.0,nan,nan,nan,nan,nan
13.74031400680542,-0.003810252994298935,0.014062792994081974,-3.982241153717041,-0.0009005969272337508,0.0009129047393798828,0.0,0.0,-5.0,nan,nan,nan,nan,nan
13.750293731689453,-0.003810252994298935,0.014062792994081974,-3.982241153717041,-0.0009005969272337508,0.0008771419525146484,0.0,0.0,-5.0,nan,nan,nan,nan,nan
13.76272439956665,-0.0035853958688676357,0.01403631642460823,-3.9831151962280273,-0.000808866975198787,0.0018820762634277344,0.0,0.0,-5.0,nan,nan,nan,nan,nan
13.770601272583008,-0.0035853958688676357,0.01403631642460823,-3.9831151962280273,-0.000808866975198787,0.002918720245361328,0.0,0.0,-5.0,nan,nan,nan,nan,nan
13.780544519424438,-0.0035853958688676357,0.01403631642460823,-3.9831151962280273,-0.000808866975198787,0.0017995834350585938,0.0,0.0,-5.0,nan,nan,nan,nan,nan
13.790245771408081,-0.0033587170764803886,0.013945190235972404,-3.9839444160461426,-0.0007436274160178394,0.0007987022399902344,0.0,0.0,-5.0,nan,nan,nan,nan,nan
13.801022291183472,-0.0033587170764803886,0.013945190235972404,-3.9839444160461426,-0.0007436274160178394,0.0018780231475830078,0.0,0.0,-5.0,nan,nan,nan,nan,nan
13.81205439567566,-0.003247440094128251,0.013859767466783524,-3.984344959259033,-0.0007035219142602535,0.0018608570098876953,0.0,0.0,-5.0,nan,nan,nan,nan,nan
13.820502519607544,-0.003247440094128251,0.013859767466783524,-3.984344959259033,-0.0007035219142602535,0.0017976760864257812,0.0,0.0,-5.0,nan,nan,nan,nan,nan
13.83058762550354,-0.003247440094128251,0.013859767466783524,-3.984344959259033,-0.0007035219142602535,0.0020089149475097656,0.0,0.0,-5.0,nan,nan,nan,nan,nan
13.840637922286987,-0.0030797095969319344,0.013683549128472805,-3.9849295616149902,-0.000635029437702661,0.003111600875854492,0.0,0.0,-5.0,nan,nan,nan,nan,nan
13.850735664367676,-0.0030797095969319344,0.013683549128472805,-3.9849295616149902,-0.000635029437702661,0.0014190673828125,0.0,0.0,-5.0,nan,nan,nan,nan,nan
13.862221479415894,-0.0029082801192998886,0.013453423045575619,-3.9855141639709473,-0.0005614125414618697,0.0017936229705810547,0.0,0.0,-5.0,nan,nan,nan,nan,nan
13.870468139648438,-0.0029082801192998886,0.013453423045575619,-3.9855141639709473,-0.0005614125414618697,0.0017313957214355469,0.0,0.0,-5.0,nan,nan,nan,nan,nan
13.880266189575195,-0.0029082801192998886,0.013453423045575619,-3.9855141639709473,-0.0005614125414618697,0.0009834766387939453,0.0,0.0,-5.0,nan,nan,nan,nan,nan
13.890428304672241,-0.0027410404291003942,0.013203282840549946,-3.986058235168457,-0.0004894920857832696,0.00170135498046875,0.0,0.0,-5.0,nan,nan,nan,nan,nan
13.901031494140625,-0.0027410404291003942,0.013203282840549946,-3.986058235168457,-0.0004894920857832696,0.0019021034240722656,0.0,0.0,-5.0,nan,nan,nan,nan,nan
13.912335872650146,-0.0025381550658494234,0.012811490334570408,-3.9867639541625977,-0.0003809586978445362,0.0018317699432373047,0.0,0.0,-5.0,nan,nan,nan,nan,nan
13.920459985733032,-0.0025381550658494234,0.012811490334570408,-3.9867639541625977,-0.0003809586978445362,0.0017421245574951172,0.0,0.0,-5.0,nan,nan,nan,nan,nan
13.930435180664062,-0.0025381550658494234,0.012811490334570408,-3.9867639541625977,-0.0003809586978445362,0.0017316341400146484,0.0,0.0,-5.0,nan,nan,nan,nan,nan
13.940290212631226,-0.002445945981889963,0.012587364763021469,-3.9870896339416504,-0.0003243138040191244,0.0018608570098876953,0.0,0.0,-5.0,nan,nan,nan,nan,nan
13.950587272644043,-0.002445945981889963,0.012587364763021469,-3.9870896339416504,-0.0003243138040191244,0.0018093585968017578,0.0,0.0,-5.0,nan,nan,nan,nan,nan
13.96221661567688,-0.0022670733742415905,0.01206406019628048,-3.987708568572998,-0.00024098515443717766,0.0018525123596191406,0.0,0.0,-5.0,nan,nan,nan,nan,nan
13.970632553100586,-0.0022670733742415905,0.01206406019628048,-3.987708568572998,-0.00024098515443717766,0.00127410888671875,0.0,0.0,-5.0,nan,nan,nan,nan,nan
13.9804368019104,-0.0022670733742415905,0.01206406019628048,-3.987708568572998,-0.00024098515443717766,0.0011529922485351562,0.0,0.0,-5.0,nan,nan,nan,nan,nan
13.990496158599854,-0.002202728297561407,0.011768883094191551,-3.987995147705078,-0.00020036134284363112,0.002333402633666992,0.0,0.0,-5.0,nan,nan,nan,nan,nan
14.000661611557007,-0.002202728297561407,0.011768883094191551,-3.987995147705078,-0.00020036134284363112,0.0017414093017578125,0.0,0.0,-5.0,nan,nan,nan,nan,nan
14.01166319847107,-0.0021237984765321016,0.011108987964689732,-3.988497734069824,-0.00011448258037341855,0.0010766983032226562,0.0,0.0,-5.0,nan,nan,nan,nan,nan
14.020473957061768,-0.0021237984765321016,0.011108987964689732,-3.988497734069824,-0.00011448258037341855,0.0014629364013671875,0.0,0.0,-5.0,nan,nan,nan,nan,nan
14.030514001846313,-0.0021237984765321016,0.011108987964689732,-3.988497734069824,-0.00011448258037341855,0.001888275146484375,0.0,0.0,-5.0,nan,nan,nan,nan,nan
14.040395498275757,-0.002092707669362426,0.010738931596279144,-3.9886999130249023,-7.038253866268273e-05,0.0017368793487548828,0.0,0.0,-5.0,nan,nan,nan,nan,nan
14.050481796264648,-0.002092707669362426,0.010738931596279144,-3.9886999130249023,-7.038253866268273e-05,0.0009703636169433594,0.0,0.0,-5.0,nan,nan,nan,nan,nan
14.062126636505127,-0.002090646419674158,0.009923990815877914,-3.989030361175537,-6.458376233877696e-06,0.0020568370819091797,0.0,0.0,-5.0,nan,nan,nan,nan,nan
14.07036018371582,-0.002090646419674158,0.009923990815877914,-3.989030361175537,-6.458376233877696e-06,0.0018947124481201172,0.0,0.0,-5.0,nan,nan,nan,nan,nan
14.080562353134155,-0.002090646419674158,0.009923990815877914,-3.989030361175537,-6.458376233877696e-06,0.0019192695617675781,0.0,0.0,-5.0,nan,nan,nan,nan,nan
14.090471744537354,-0.0021425208542495966,0.00925579946488142,-3.989248752593994,2.6163137658148823e-05,0.0019533634185791016,0.0,0.0,-5.0,nan,nan,nan,nan,nan
14.101055145263672,-0.0021425208542495966,0.00925579946488142,-3.989248752593994,2.6163137658148823e-05,0.0018334388732910156,0.0,0.0,-5.0,nan,nan,nan,nan,nan
14.112237691879272,-0.0022761442232877016,0.008320062421262264,-3.989521026611328,7.10641697015438e-05,0.0017769336700439453,0.0,0.0,-5.0,nan,nan,nan,nan,nan
14.120452165603638,-0.0022761442232877016,0.008320062421262264,-3.989521026611328,7.10641697015438e-05,0.0016970634460449219,0.0,0.0,-5.0,nan,nan,nan,nan,nan
14.130470752716064,-0.0022761442232877016,0.008320062421262264,-3.989521026611328,7.10641697015438e-05,0.0017781257629394531,0.0,0.0,-5.0,nan,nan,nan,nan,nan
14.140429496765137,-0.002360719023272395,0.00784667581319809,-3.989668846130371,7.727403709132221e-05,0.0017769336700439453,0.0,0.0,-5.0,nan,nan,nan,nan,nan
14.150635480880737,-0.002360719023272395,0.00784667581319809,-3.989668846130371,7.727403709132221e-05,0.002099752426147461,0.0,0.0,-5.0,nan,nan,nan,nan,nan
14.16165804862976,-0.0025358640123158693,0.0071289921179413795,-3.9898924827575684,7.408681777116167e-05,0.0008602142333984375,0.0,0.0,-5.0,nan,nan,nan,nan,nan
14.170423030853271,-0.0025358640123158693,0.0071289921179413795,-3.9898924827575684,7.408681777116167e-05,0.0010602474212646484,0.0,0.0,-5.0,nan,nan,nan,nan,nan
14.180542707443237,-0.0025358640123158693,0.0071289921179413795,-3.9898924827575684,7.408681777116167e-05,0.0018339157104492188,0.0,0.0,-5.0,nan,nan,nan,nan,nan
14.190462589263916,-0.002748342463746667,0.006415858399122953,-3.9900832176208496,6.74891007437633e-05,0.0016548633575439453,0.0,0.0,-5.0,nan,nan,nan,nan,nan
14.200894117355347,-0.002748342463746667,0.006415858399122953,-3.9900832176208496,6.74891007437633e-05,0.001712799072265625,0.0,0.0,-5.0,nan,nan,nan,nan,nan
14.2104651927948,-0.002748342463746667,0.006415858399122953,-3.9900832176208496,6.74891007437633e-05,0.0018494129180908203,0.0,0.0,-5.0,nan,nan,nan,nan,nan
14.220500469207764,-0.0029913634061813354,0.005715042818337679,-3.9902448654174805,5.676780191830817e-05,0.002089262008666992,0.0,0.0,-5.0,nan,nan,nan,nan,nan
14.230560302734375,-0.0029913634061813354,0.005715042818337679,-3.9902448654174805,5.676780191830817e-05,0.001829385757446289,0.0,0.0,-5.0,nan,nan,nan,nan,nan
14.240386247634888,-0.0033479726407676935,0.004827030003070831,-3.9904255867004395,3.074170788715549e-05,0.002302408218383789,0.0,0.0,-5.0,nan,nan,nan,nan,nan
14.250825643539429,-0.0033479726407676935,0.004827030003070831,-3.9904255867004395,3.074170788715549e-05,0.0011675357818603516,0.0,0.0,-5.0,nan,nan,nan,nan,nan
14.26186990737915,-0.00354179204441607,0.004422370344400406,-3.9905190467834473,1.8101651506059234e-05,0.001882314682006836,0.0,0.0,-5.0,nan,nan,nan,nan,nan
14.270618438720703,-0.00354179204441607,0.004422370344400406,-3.9905190467834473,1.8101651506059234e-05,0.0018706321716308594,0.0,0.0,-5.0,nan,nan,nan,nan,nan
14.280524253845215,-0.00354179204441607,0.004422370344400406,-3.9905190467834473,1.8101651506059234e-05,0.0018510818481445312,0.0,0.0,-5.0,nan,nan,nan,nan,nan
14.290557384490967,-0.003925768192857504,0.003647902049124241,-3.990729331970215,-2.6153183995666148e-05,0.0017631053924560547,0.0,0.0,-5.0,nan,nan,nan,nan,nan
14.300763845443726,-0.003925768192857504,0.003647902049124241,-3.990729331970215,-2.6153183995666148e-05,0.0016238689422607422,0.0,0.0,-5.0,nan,nan,nan,nan,nan
14.31219220161438,-0.00411653146147728,0.003277756506577134,-3.990838050842285,-5.145191584368208e-05,0.0018529891967773438,0.0,0.0,-5.0,nan,nan,nan,nan,nan
14.32050085067749,-0.00411653146147728,0.003277756506577134,-3.990838050842285,-5.145191584368208e-05,0.0018591880798339844,0.0,0.0,-5.0,nan,nan,nan,nan,nan
14.330445528030396,-0.00411653146147728,0.003277756506577134,-3.990838050842285,-5.145191584368208e-05,0.0016875267028808594,0.0,0.0,-5.0,nan,nan,nan,nan,nan
14.340502977371216,-0.004464734345674515,0.0025357857812196016,-3.99112606048584,-7.098964965511961e-05,0.001827239990234375,0.0,0.0,-5.0,nan,nan,nan,nan,nan
14.350533246994019,-0.004464734345674515,0.0025357857812196016,-3.99112606048584,-7.098964965511961e-05,0.0018618106842041016,0.0,0.0,-5.0,nan,nan,nan,nan,nan
14.362149238586426,-0.004725374281406403,0.0019856023136526346,-3.991386890411377,-0.00011103366262389219,0.0018124580383300781,0.0,0.0,-5.0,nan,nan,nan,nan,nan
14.370543479919434,-0.004725374281406403,0.0019856023136526346,-3.991386890411377,-0.00011103366262389219,0.0018694400787353516,0.0,0.0,-5.0,nan,nan,nan,nan,nan
14.380443572998047,-0.004725374281406403,0.0019856023136526346,-3.991386890411377,-0.00011103366262389219,0.0009405612945556641,0.0,0.0,-5.0,nan,nan,nan,nan,nan
14.390265703201294,-0.0049714078195393085,0.0014603774761781096,-3.9916653633117676,-0.00013656636636775733,0.0009074211120605469,0.0,0.0,-5.0,nan,nan,nan,nan,nan
14.400416135787964,-0.0049714078195393085,0.0014603774761781096,-3.9916653633117676,-0.00013656636636775733,0.0007293224334716797,0.0,0.0,-5.0,nan,nan,nan,nan,nan
14.41044807434082,-0.0049714078195393085,0.0014603774761781096,-3.9916653633117676,-0.00013656636636775733,0.002046823501586914,0.0,0.0,-5.0,nan,nan,nan,nan,nan
14.420530319213867,-0.0052054766565561295,0.0009593718568794429,-3.9919371604919434,-0.00015970791645489866,0.0018529891967773438,0.0,0.0,-5.0,nan,nan,nan,nan,nan
14.43045449256897,-0.0052054766565561295,0.0009593718568794429,-3.9919371604919434,-0.00015970791645489866,0.0017597675323486328,0.0,0.0,-5.0,nan,nan,nan,nan,nan
14.440508842468262,-0.0054055978544056416,0.00046543192001990974,-3.9922409057617188,-0.0001762258164824859,0.0019040107727050781,0.0,0.0,-5.0,nan,nan,nan,nan,nan
14.450502634048462,-0.0054055978544056416,0.00046543192001990974,-3.9922409057617188,-0.0001762258164824859,0.001827239990234375,0.0,0.0,-5.0,nan,nan,nan,nan,nan
14.462358236312866,-0.005609307438135147,1.5549851468676934e-06,-3.992551326751709,-0.0002036336282418463,0.0017993450164794922,0.0,0.0,-5.0,nan,nan,nan,nan,nan
14.470552682876587,-0.005609307438135147,1.5549851468676934e-06,-3.992551326751709,-0.0002036336282418463,0.0021371841430664062,0.0,0.0,-5.0,nan,nan,nan,nan,nan
14.480546951293945,-0.005609307438135147,1.5549851468676934e-06,-3.992551326751709,-0.0002036336282418463,0.001821279525756836,0.0,0.0,-5.0,nan,nan,nan,nan,nan
14.490388631820679,-0.005880980286747217,-0.0005608320934697986,-3.992988109588623,-0.00023140043789840936,0.0017495155334472656,0.0,0.0,-5.0,nan,nan,nan,nan,nan
14.501119136810303,-0.005880980286747217,-0.0005608320934697986,-3.992988109588623,-0.00023140043789840936,0.0009052753448486328,0.0,0.0,-5.0,nan,nan,nan,nan,nan
14.511135339736938,-0.00607970030978322,-0.0009446419426240027,-3.993346691131592,-0.0002639881127503032,0.0009913444519042969,0.0,0.0,-5.0,nan,nan,nan,nan,nan
14.520500659942627,-0.00607970030978322,-0.0009446419426240027,-3.993346691131592,-0.0002639881127503032,0.0018723011016845703,0.0,0.0,-5.0,nan,nan,nan,nan,nan
14.530426740646362,-0.00607970030978322,-0.0009446419426240027,-3.993346691131592,-0.0002639881127503032,0.0011429786682128906,0.0,0.0,-5.0,nan,nan,nan,nan,nan
14.540431261062622,-0.006271291058510542,-0.0013121274532750249,-3.993713855743408,-0.0003006544901009796,0.0018198490142822266,0.0,0.0,-5.0,nan,nan,nan,nan,nan
14.550506353378296,-0.006271291058510542,-0.0013121274532750249,-3.993713855743408,-0.0003006544901009796,0.0017943382263183594,0.0,0.0,-5.0,nan,nan,nan,nan,nan
14.56198501586914,-0.0064651272259652615,-0.0016749764326959848,-3.9941229820251465,-0.00033558884378683863,0.0016832351684570312,0.0,0.0,-5.0,nan,nan,nan,nan,nan
14.57042646408081,-0.0064651272259652615,-0.0016749764326959848,-3.9941229820251465,-0.00033558884378683863,0.0011479854583740234,0.0,0.0,-5.0,nan,nan,nan,nan,nan
14.580530643463135,-0.0064651272259652615,-0.0016749764326959848,-3.9941229820251465,-0.00033558884378683863,0.0014345645904541016,0.0,0.0,-5.0,nan,nan,nan,nan,nan
14.59030032157898,-0.006593956612050533,-0.0019078812329098582,-3.9943995475769043,-0.0003519472515854549,0.0013813972473144531,0.0,0.0,-5.0,nan,nan,nan,nan,nan
14.600560188293457,-0.006593956612050533,-0.0019078812329098582,-3.9943995475769043,-0.0003519472515854549,0.0009775161743164062,0.0,0.0,-5.0,nan,nan,nan,nan,nan
14.612337350845337,-0.006852561142295599,-0.002358557190746069,-3.994927406311035,-0.00036944700337333407,0.0018544197082519531,0.0,0.0,-5.0,nan,nan,nan,nan,nan
14.620476007461548,-0.006852561142295599,-0.002358557190746069,-3.994927406311035,-0.00036944700337333407,0.001813650131225586,0.0,0.0,-5.0,nan,nan,nan,nan,nan
14.630258798599243,-0.006852561142295599,-0.002358557190746069,-3.994927406311035,-0.00036944700337333407,0.0008525848388671875,0.0,0.0,-5.0,nan,nan,nan,nan,nan
14.64030146598816,-0.0069860173389315605,-0.0025767411570996046,-3.9951963424682617,-0.00037425631975012357,0.0009186267852783203,0.0,0.0,-5.0,nan,nan,nan,nan,nan
14.650307178497314,-0.0069860173389315605,-0.0025767411570996046,-3.9951963424682617,-0.00037425631975012357,0.0008661746978759766,0.0,0.0,-5.0,nan,nan,nan,nan,nan
14.661070585250854,-0.007282007019966841,-0.00299338367767632,-3.9956512451171875,-0.0003806387627079828,0.0009305477142333984,0.0,0.0,-5.0,nan,nan,nan,nan,nan
14.670614004135132,-0.007282007019966841,-0.00299338367767632,-3.9956512451171875,-0.0003806387627079828,0.0018527507781982422,0.0,0.0,-5.0,nan,nan,nan,nan,nan
14.680468320846558,-0.007282007019966841,-0.00299338367767632,-3.9956512451171875,-0.0003806387627079828,0.0016353130340576172,0.0,0.0,-5.0,nan,nan,nan,nan,nan
14.69053864479065,-0.007524368353188038,-0.003284705802798271,-3.995941162109375,-0.00037316903917413596,0.0019571781158447266,0.0,0.0,-5.0,nan,nan,nan,nan,nan
14.700504779815674,-0.007524368353188038,-0.003284705802798271,-3.995941162109375,-0.00037316903917413596,0.0008003711700439453,0.0,0.0,-5.0,nan,nan,nan,nan,nan
14.711246013641357,-0.0077971466816961765,-0.003549393732100725,-3.996194839477539,-0.0003635983378992602,0.0008146762847900391,0.0,0.0,-5.0,nan,nan,nan,nan,nan
14.720254898071289,-0.0077971466816961765,-0.003549393732100725,-3.996194839477539,-0.0003635983378992602,0.0007815361022949219,0.0,0.0,-5.0,nan,nan,nan,nan,nan
14.730289936065674,-0.0077971466816961765,-0.003549393732100725,-3.996194839477539,-0.0003635983378992602,0.0008940696716308594,0.0,0.0,-5.0,nan,nan,nan,nan,nan
14.740203142166138,-0.008102473802864552,-0.0038082324899733067,-3.9964327812194824,-0.00035234071309830965,0.001247406005859375,0.0,0.0,-5.0,nan,nan,nan,nan,nan
14.75039267539978,-0.008102473802864552,-0.0038082324899733067,-3.9964327812194824,-0.00035234071309830965,0.0010204315185546875,0.0,0.0,-5.0,nan,nan,nan,nan,nan
14.761104106903076,-0.008546258322894573,-0.004083326086401939,-3.996732711791992,-0.00031709643597584137,0.0008499622344970703,0.0,0.0,-5.0,nan,nan,nan,nan,nan
14.770262956619263,-0.008546258322894573,-0.004083326086401939,-3.996732711791992,-0.00031709643597584137,0.0016598701477050781,0.0,0.0,-5.0,nan,nan,nan,nan,nan
14.7804536819458,-0.008546258322894573,-0.004083326086401939,-3.996732711791992,-0.00031709643597584137,0.001750946044921875,0.0,0.0,-5.0,nan,nan,nan,nan,nan
14.79024052619934,-0.008788898587226868,-0.004195874556899071,-3.9968628883361816,-0.0003062846463123519,0.0008976459503173828,0.0,0.0,-5.0,nan,nan,nan,nan,nan
14.800716161727905,-0.008788898587226868,-0.004195874556899071,-3.9968628883361816,-0.0003062846463123519,0.0008592605590820312,0.0,0.0,-5.0,nan,nan,nan,nan,nan
14.81122899055481,-0.009302996098995209,-0.00438848277553916,-3.9971041679382324,-0.00028889238361597396,0.0009663105010986328,0.0,0.0,-5.0,nan,nan,nan,nan,nan
14.82024359703064,-0.009302996098995209,-0.00438848277553916,-3.9971041679382324,-0.00028889238361597396,0.0007925033569335938,0.0,0.0,-5.0,nan,nan,nan,nan,nan
14.830365657806396,-0.009302996098995209,-0.00438848277553916,-3.9971041679382324,-0.00028889238361597396,0.0009703636169433594,0.0,0.0,-5.0,nan,nan,nan,nan,nan
14.840276956558228,-0.0095648393034935,-0.004477357026189566,-3.9971985816955566,-0.0002762682539019466,0.0009365081787109375,0.0,0.0,-5.0,nan,nan,nan,nan,nan
14.850444555282593,-0.0095648393034935,-0.004477357026189566,-3.9971985816955566,-0.0002762682539019466,0.0019919872283935547,0.0,0.0,-5.0,nan,nan,nan,nan,nan
14.86219072341919,-0.010119318030774593,-0.004663131199777126,-3.9973373413085938,-0.0002484485460052592,0.0017886161804199219,0.0,0.0,-5.0,nan,nan,nan,nan,nan
14.870455741882324,-0.010119318030774593,-0.004663131199777126,-3.9973373413085938,-0.0002484485460052592,0.0017654895782470703,0.0,0.0,-5.0,nan,nan,nan,nan,nan
14.880615472793579,-0.010119318030774593,-0.004663131199777126,-3.9973373413085938,-0.0002484485460052592,0.0018434524536132812,0.0,0.0,-5.0,nan,nan,nan,nan,nan
14.890475749969482,-0.01056206226348877,-0.00481227645650506,-3.997396469116211,-0.0002317915276862664,0.0017783641815185547,0.0,0.0,-5.0,nan,nan,nan,nan,nan
14.901180267333984,-0.01056206226348877,-0.00481227645650506,-3.997396469116211,-0.0002317915276862664,0.0018811225891113281,0.0,0.0,-5.0,nan,nan,nan,nan,nan
14.912324905395508,-0.01101954560726881,-0.004961645230650902,-3.997419834136963,-0.0002101494721907113,0.0018537044525146484,0.0,0.0,-5.0,nan,nan,nan,nan,nan
14.92048978805542,-0.01101954560726881,-0.004961645230650902,-3.997419834136963,-0.0002101494721907113,0.0014917850494384766,0.0,0.0,-5.0,nan,nan,nan,nan,nan
14.930367708206177,-0.01101954560726881,-0.004961645230650902,-3.997419834136963,-0.0002101494721907113,0.0010242462158203125,0.0,0.0,-5.0,nan,nan,nan,nan,nan
14.940573692321777,-0.011492908000946045,-0.005105916876345873,-3.997439384460449,-0.00020265044892897648,0.0011234283447265625,0.0,0.0,-5.0,nan,nan,nan,nan,nan
14.95030665397644,-0.011492908000946045,-0.005105916876345873,-3.997439384460449,-0.00020265044892897648,0.0008490085601806641,0.0,0.0,-5.0,nan,nan,nan,nan,nan
14.962371110916138,-0.012105886824429035,-0.005266176536679268,-3.997426986694336,-0.0001796689975851412,0.0009050369262695312,0.0,0.0,-5.0,nan,nan,nan,nan,nan
14.971082210540771,-0.012105886824429035,-0.005266176536679268,-3.997426986694336,-0.0001796689975851412,0.0018906593322753906,0.0,0.0,-5.0,nan,nan,nan,nan,nan
14.980363607406616,-0.012105886824429035,-0.005266176536679268,-3.997426986694336,-0.0001796689975851412,0.0016009807586669922,0.0,0.0,-5.0,nan,nan,nan,nan,nan
14.990443229675293,-0.012395039200782776,-0.005349491257220507,-3.9974098205566406,-0.00016670029907701764,0.001787424087524414,0.0,0.0,-5.0,nan,nan,nan,nan,nan
15.00102424621582,-0.012395039200782776,-0.005349491257220507,-3.9974098205566406,-0.00016670029907701764,0.001821279525756836,0.0,0.0,-5.0,nan,nan,nan,nan,nan
15.01221752166748,-0.012800730764865875,-0.0054840766824781895,-3.997377395629883,-0.00013862513581747578,0.0019116401672363281,0.0,0.0,-5.0,nan,nan,nan,nan,nan
15.02033519744873,-0.012800730764865875,-0.0054840766824781895,-3.997377395629883,-0.00013862513581747578,0.001047372817993164,0.0,0.0,-5.0,nan,nan,nan,nan,nan
15.030537843704224,-0.012800730764865875,-0.0054840766824781895,-3.997377395629883,-0.00013862513581747578,0.0018224716186523438,0.0,0.0,-5.0,nan,nan,nan,nan,nan
15.040390491485596,-0.013124821707606316,-0.005640250165015459,-3.9973626136779785,-3.802599660896757e-05,0.0018014907836914062,0.0,0.0,-5.0,nan,nan,nan,nan,nan
15.05043649673462,-0.013124821707606316,-0.005640250165015459,-3.9973626136779785,-3.802599660896757e-05,0.0016984939575195312,0.0,0.0,-5.0,nan,nan,nan,nan,nan
15.061909198760986,-0.013449812307953835,-0.005864685866981745,-3.9976401329040527,0.00031792387268488737,0.0017390251159667969,0.0,0.0,-5.0,nan,nan,nan,nan,nan
15.070478677749634,-0.013449812307953835,-0.005864685866981745,-3.9976401329040527,0.00031792387268488737,0.0018129348754882812,0.0,0.0,-5.0,nan,nan,nan,nan,nan
15.08061957359314,-0.013449812307953835,-0.005864685866981745,-3.9976401329040527,0.00031792387268488737,0.0017995834350585938,0.0,0.0,-5.0,nan,nan,nan,nan,nan
15.090464353561401,-0.013636477291584015,-0.006076214835047722,-3.998039722442627,0.0007422957566727418,0.002239704132080078,0.0,0.0,-5.0,nan,nan,nan,nan,nan
15.101355791091919,-0.013636477291584015,-0.006076214835047722,-3.998039722442627,0.0007422957566727418,0.0026979446411132812,0.0,0.0,-5.0,nan,nan,nan,nan,nan
15.111846446990967,-0.013756902888417244,-0.006241586059331894,-3.9983901977539062,0.0010758941663417,0.0017867088317871094,0.0,0.0,-5.0,nan,nan,nan,nan,nan
15.120409965515137,-0.013756902888417244,-0.006241586059331894,-3.9983901977539062,0.0010758941663417,0.001600503921508789,0.0,0.0,-5.0,nan,nan,nan,nan,nan
15.13051176071167,-0.013756902888417244,-0.006241586059331894,-3.9983901977539062,0.0010758941663417,0.0019419193267822266,0.0,0.0,-5.0,nan,nan,nan,nan,nan
15.140499830245972,-0.01399164367467165,-0.006658332422375679,-3.99924898147583,0.001946433557018179,0.0017533302307128906,0.0,0.0,-5.0,nan,nan,nan,nan,nan
15.150455236434937,-0.01399164367467165,-0.006658332422375679,-3.99924898147583,0.001946433557018179,0.002439260482788086,0.0,0.0,-5.0,nan,nan,nan,nan,nan
15.16027569770813,-0.01399164367467165,-0.006658332422375679,-3.99924898147583,0.001946433557018179,0.0009734630584716797,0.0,0.0,-5.0,nan,nan,nan,nan,nan
15.170310735702515,-0.014131049625575542,-0.0069395387545228004,-3.999782085418701,0.0024424822585498484,0.0009274482727050781,0.0,0.0,-5.0,nan,nan,nan,nan,nan
15.180506706237793,-0.014131049625575542,-0.0069395387545228004,-3.999782085418701,0.0024424822585498484,0.0018467903137207031,0.0,0.0,-5.0,nan,nan,nan,nan,nan
15.190285682678223,-0.01448774803429842,-0.007637490052729845,-4.001046657562256,0.003623061031950989,0.0009260177612304688,0.0,0.0,-5.0,nan,nan,nan,nan,nan
15.200513124465942,-0.01448774803429842,-0.007637490052729845,-4.001046657562256,0.003623061031950989,0.0007586479187011719,0.0,0.0,-5.0,nan,nan,nan,nan,nan
15.211096048355103,-0.014831464737653732,-0.008299365639686584,-4.002115249633789,0.004668988509064144,0.0008280277252197266,0.0,0.0,-5.0,nan,nan,nan,nan,nan
15.220535039901733,-0.014831464737653732,-0.008299365639686584,-4.002115249633789,0.004668988509064144,0.0011513233184814453,0.0,0.0,-5.0,nan,nan,nan,nan,nan
15.230302333831787,-0.014831464737653732,-0.008299365639686584,-4.002115249633789,0.004668988509064144,0.0009274482727050781,0.0,0.0,-5.0,nan,nan,nan,nan,nan
15.240395307540894,-0.015249625779688358,-0.009127048775553703,-4.003323554992676,0.005863934806786989,0.0020482540130615234,0.0,0.0,-5.0,nan,nan,nan,nan,nan
15.250337839126587,-0.015249625779688358,-0.009127048775553703,-4.003323554992676,0.005863934806786989,0.0009067058563232422,0.0,0.0,-5.0,nan,nan,nan,nan,nan
15.260271549224854,-0.015249625779688358,-0.009127048775553703,-4.003323554992676,0.005863934806786989,0.0009953975677490234,0.0,0.0,-5.0,nan,nan,nan,nan,nan
15.270562887191772,-0.01574576459825039,-0.010113656520843506,-4.004637241363525,0.00718388898025241,0.0018241405487060547,0.0,0.0,-5.0,nan,nan,nan,nan,nan
15.280528783798218,-0.01574576459825039,-0.010113656520843506,-4.004637241363525,0.00718388898025241,0.00179290771484375,0.0,0.0,-5.0,nan,nan,nan,nan,nan
15.290470123291016,-0.016319086775183678,-0.011269488371908665,-4.0060272216796875,0.008630955881908053,0.0013134479522705078,0.0,0.0,-5.0,nan,nan,nan,nan,nan
15.301207542419434,-0.016319086775183678,-0.011269488371908665,-4.0060272216796875,0.008630955881908053,0.0019233226776123047,0.0,0.0,-5.0,nan,nan,nan,nan,nan
15.311923265457153,-0.01696862280368805,-0.012598470784723759,-4.007471084594727,0.010199544845875336,0.0009789466857910156,0.0,0.0,-5.0,nan,nan,nan,nan,nan
15.320271015167236,-0.01696862280368805,-0.012598470784723759,-4.007471084594727,0.010199544845875336,0.0015685558319091797,0.0,0.0,-5.0,nan,nan,nan,nan,nan
15.330348014831543,-0.01696862280368805,-0.012598470784723759,-4.007471084594727,0.010199544845875336,0.0009253025054931641,0.0,0.0,-5.0,nan,nan,nan,nan,nan
15.340405225753784,-0.01794316992163658,-0.01470064278692007,-4.009490966796875,0.01252702549825361,0.0018875598907470703,0.0,0.0,-5.0,nan,nan,nan,nan,nan
15.350496768951416,-0.01794316992163658,-0.01470064278692007,-4.009490966796875,0.01252702549825361,0.001772165298461914,0.0,0.0,-5.0,nan,nan,nan,nan,nan
15.361934423446655,-0.01849864237010479,-0.015887821093201637,-4.010537624359131,0.013766161013075697,0.0017254352569580078,0.0,0.0,-5.0,nan,nan,nan,nan,nan
15.37054967880249,-0.01849864237010479,-0.015887821093201637,-4.010537624359131,0.013766161013075697,0.0018398761749267578,0.0,0.0,-5.0,nan,nan,nan,nan,nan
15.380491733551025,-0.01849864237010479,-0.015887821093201637,-4.010537624359131,0.013766161013075697,0.001783132553100586,0.0,0.0,-5.0,nan,nan,nan,nan,nan
15.39053225517273,-0.019722415134310722,-0.018557041883468628,-4.012747287750244,0.016380824962842256,0.0016570091247558594,0.0,0.0,-5.0,nan,nan,nan,nan,nan
15.40090560913086,-0.019722415134310722,-0.018557041883468628,-4.012747287750244,0.016380824962842256,0.0017848014831542969,0.0,0.0,-5.0,nan,nan,nan,nan,nan
15.411461591720581,-0.020747678354382515,-0.02084016054868698,-4.014527797698975,0.018489186357215644,0.0009233951568603516,0.0,0.0,-5.0,nan,nan,nan,nan,nan
15.4203360080719,-0.020747678354382515,-0.02084016054868698,-4.014527797698975,0.018489186357215644,0.0009546279907226562,0.0,0.0,-5.0,nan,nan,nan,nan,nan
15.43029236793518,-0.020747678354382515,-0.02084016054868698,-4.014527797698975,0.018489186357215644,0.0008285045623779297,0.0,0.0,-5.0,nan,nan,nan,nan,nan
15.440536737442017,-0.021492671221494675,-0.022496284916996956,-4.015777587890625,0.01995278198004122,0.0017964839935302734,0.0,0.0,-5.0,nan,nan,nan,nan,nan
15.450550079345703,-0.021492671221494675,-0.022496284916996956,-4.015777587890625,0.01995278198004122,0.0017576217651367188,0.0,0.0,-5.0,nan,nan,nan,nan,nan
15.462070226669312,-0.023093506693840027,-0.026132812723517418,-4.018360137939453,0.02307917732880807,0.0019176006317138672,0.0,0.0,-5.0,nan,nan,nan,nan,nan
15.47045087814331,-0.023093506693840027,-0.026132812723517418,-4.018360137939453,0.02307917732880807,0.0016956329345703125,0.0,0.0,-5.0,nan,nan,nan,nan,nan
15.480475664138794,-0.023093506693840027,-0.026132812723517418,-4.018360137939453,0.02307917732880807,0.0013005733489990234,0.0,0.0,-5.0,nan,nan,nan,nan,nan
15.490753889083862,-0.024861618876457214,-0.030143195763230324,-4.021113872528076,0.0263218407533218,0.0018548965454101562,0.0,0.0,-5.0,nan,nan,nan,nan,nan
15.500808000564575,-0.024861618876457214,-0.030143195763230324,-4.021113872528076,0.0263218407533218,0.0029811859130859375,0.0,0.0,-5.0,nan,nan,nan,nan,nan
15.510584115982056,-0.024861618876457214,-0.030143195763230324,-4.021113872528076,0.0263218407533218,0.002026796340942383,0.0,0.0,-5.0,nan,nan,nan,nan,nan
15.52038288116455,-0.02581392601132393,-0.03228401020169258,-4.022545337677002,0.028002182651482965,0.0008962154388427734,0.0,0.0,-5.0,nan,nan,nan,nan,nan
15.530362844467163,-0.02581392601132393,-0.03228401020169258,-4.022545337677002,0.028002182651482965,0.0011184215545654297,0.0,0.0,-5.0,nan,nan,nan,nan,nan
15.540446043014526,-0.027307013049721718,-0.035719603300094604,-4.024731159210205,0.03063317509246612,0.0012211799621582031,0.0,0.0,-5.0,nan,nan,nan,nan,nan
15.550241231918335,-0.027307013049721718,-0.035719603300094604,-4.024731159210205,0.03063317509246612,0.00077056884765625,0.0,0.0,-5.0,nan,nan,nan,nan,nan
15.562491655349731,-0.028937838971614838,-0.03940051421523094,-4.026999473571777,0.033373895488626744,0.0022461414337158203,0.0,0.0,-5.0,nan,nan,nan,nan,nan
15.570561647415161,-0.028937838971614838,-0.03940051421523094,-4.026999473571777,0.033373895488626744,0.0019185543060302734,0.0,0.0,-5.0,nan,nan,nan,nan,nan
15.580480575561523,-0.028937838971614838,-0.03940051421523094,-4.026999473571777,0.033373895488626744,0.0009191036224365234,0.0,0.0,-5.0,nan,nan,nan,nan,nan
15.590649843215942,-0.030719367787241936,-0.043320171535015106,-4.029364585876465,0.03619620518098495,0.002766847610473633,0.0,0.0,-5.0,nan,nan,nan,nan,nan
15.60093355178833,-0.030719367787241936,-0.043320171535015106,-4.029364585876465,0.03619620518098495,0.0015728473663330078,0.0,0.0,-5.0,nan,nan,nan,nan,nan
15.612087488174438,-0.03333718702197075,-0.048917725682258606,-4.032712459564209,0.03997449047578939,0.002016305923461914,0.0,0.0,-5.0,nan,nan,nan,nan,nan
15.620333671569824,-0.03333718702197075,-0.048917725682258606,-4.032712459564209,0.03997449047578939,0.002099275588989258,0.0,0.0,-5.0,nan,nan,nan,nan,nan
15.630876541137695,-0.03333718702197075,-0.048917725682258606,-4.032712459564209,0.03997449047578939,0.0023088455200195312,0.0,0.0,-5.0,nan,nan,nan,nan,nan
15.640568256378174,-0.03475483879446983,-0.05188034102320671,-4.03446102142334,0.041933976894907195,0.0017712116241455078,0.0,0.0,-5.0,nan,nan,nan,nan,nan
15.650562524795532,-0.03475483879446983,-0.05188034102320671,-4.03446102142334,0.041933976894907195,0.0018460750579833984,0.0,0.0,-5.0,nan,nan,nan,nan,nan
15.662297248840332,-0.03779921680688858,-0.05813949555158615,-4.038128852844238,0.04597747864958371,0.001706838607788086,0.0,0.0,-5.0,nan,nan,nan,nan,nan
15.67050552368164,-0.03779921680688858,-0.05813949555158615,-4.038128852844238,0.04597747864958371,0.0009906291961669922,0.0,0.0,-5.0,nan,nan,nan,nan,nan
15.680333614349365,-0.03779921680688858,-0.05813949555158615,-4.038128852844238,0.04597747864958371,0.0009644031524658203,0.0,0.0,-5.0,nan,nan,nan,nan,nan
15.690236806869507,-0.03942669928073883,-0.06143676117062569,-4.040055274963379,0.04798670677422582,0.0008242130279541016,0.0,0.0,-5.0,nan,nan,nan,nan,nan
15.70058536529541,-0.03942669928073883,-0.06143676117062569,-4.040055274963379,0.04798670677422582,0.0007257461547851562,0.0,0.0,-5.0,nan,nan,nan,nan,nan
15.710978507995605,-0.04292383790016174,-0.06837178021669388,-4.044094562530518,0.05206888784562491,0.0007653236389160156,0.0,0.0,-5.0,nan,nan,nan,nan,nan
15.720306158065796,-0.04292383790016174,-0.06837178021669388,-4.044094562530518,0.05206888784562491,0.0008637905120849609,0.0,0.0,-5.0,nan,nan,nan,nan,nan
15.730390071868896,-0.04292383790016174,-0.06837178021669388,-4.044094562530518,0.05206888784562491,0.0019528865814208984,0.0,0.0,-5.0,nan,nan,nan,nan,nan
15.740434408187866,-0.04480026289820671,-0.07200907170772552,-4.046202659606934,0.054149147450719096,0.001973867416381836,0.0,0.0,-5.0,nan,nan,nan,nan,nan
15.750491380691528,-0.04480026289820671,-0.07200907170772552,-4.046202659606934,0.054149147450719096,0.003704071044921875,0.0,0.0,-5.0,nan,nan,nan,nan,nan
15.76224136352539,-0.048740822821855545,-0.07959064841270447,-4.050542831420898,0.058270678200320884,0.001852273941040039,0.0,0.0,-5.0,nan,nan,nan,nan,nan
15.770388841629028,-0.048740822821855545,-0.07959064841270447,-4.050542831420898,0.058270678200320884,0.0011491775512695312,0.0,0.0,-5.0,nan,nan,nan,nan,nan
15.78031063079834,-0.048740822821855545,-0.07959064841270447,-4.050542831420898,0.058270678200320884,0.0008635520935058594,0.0,0.0,-5.0,nan,nan,nan,nan,nan
15.790326118469238,-0.051897082477808,-0.08557639271020889,-4.053910255432129,0.06140444089902984,0.0013096332550048828,0.0,0.0,-5.0,nan,nan,nan,nan,nan
15.80100393295288,-0.051897082477808,-0.08557639271020889,-4.053910255432129,0.06140444089902984,0.0017917156219482422,0.0,0.0,-5.0,nan,nan,nan,nan,nan
15.812072277069092,-0.05636001378297806,-0.09397989511489868,-4.05862283706665,0.06555452387110958,0.0017681121826171875,0.0,0.0,-5.0,nan,nan,nan,nan,nan
15.820539474487305,-0.05636001378297806,-0.09397989511489868,-4.05862283706665,0.06555452387110958,0.0018169879913330078,0.0,0.0,-5.0,nan,nan,nan,nan,nan
15.830597639083862,-0.05636001378297806,-0.09397989511489868,-4.05862283706665,0.06555452387110958,0.0019559860229492188,0.0,0.0,-5.0,nan,nan,nan,nan,nan
15.840420484542847,-0.05871238932013512,-0.09836582839488983,-4.061085224151611,0.06764570502509351,0.0017595291137695312,0.0,0.0,-5.0,nan,nan,nan,nan,nan
15.850460529327393,-0.05871238932013512,-0.09836582839488983,-4.061085224151611,0.06764570502509351,0.0019359588623046875,0.0,0.0,-5.0,nan,nan,nan,nan,nan
15.861764907836914,-0.06365125626325607,-0.1075243130326271,-4.066225051879883,0.07199926410311025,0.0009222030639648438,0.0,0.0,-5.0,nan,nan,nan,nan,nan
15.8702552318573,-0.06365125626325607,-0.1075243130326271,-4.066225051879883,0.07199926410311025,0.0009613037109375,0.0,0.0,-5.0,nan,nan,nan,nan,nan
15.88052248954773,-0.06365125626325607,-0.1075243130326271,-4.066225051879883,0.07199926410311025,0.0012469291687011719,0.0,0.0,-5.0,nan,nan,nan,nan,nan
15.890276670455933,-0.06622856110334396,-0.11229588836431503,-4.068877220153809,0.07416040254490551,0.0009074211120605469,0.0,0.0,-5.0,nan,nan,nan,nan,nan
15.901476860046387,-0.06622856110334396,-0.11229588836431503,-4.068877220153809,0.07416040254490551,0.002900838851928711,0.0,0.0,-5.0,nan,nan,nan,nan,nan
15.912203311920166,-0.07164210826158524,-0.12223438173532486,-4.074416637420654,0.07849926556631011,0.0010695457458496094,0.0,0.0,-5.0,nan,nan,nan,nan,nan
15.92065143585205,-0.07164210826158524,-0.12223438173532486,-4.074416637420654,0.07849926556631011,0.001378774642944336,0.0,0.0,-5.0,nan,nan,nan,nan,nan
15.930605173110962,-0.07164210826158524,-0.12223438173532486,-4.074416637420654,0.07849926556631011,0.0017397403717041016,0.0,0.0,-5.0,nan,nan,nan,nan,nan
15.940252542495728,-0.07449797540903091,-0.12740260362625122,-4.077225685119629,0.08070761928932713,0.0008993148803710938,0.0,0.0,-5.0,nan,nan,nan,nan,nan
15.950451374053955,-0.07449797540903091,-0.12740260362625122,-4.077225685119629,0.08070761928932713,0.0009865760803222656,0.0,0.0,-5.0,nan,nan,nan,nan,nan
15.96125054359436,-0.07897873222827911,-0.13539405167102814,-4.081508159637451,0.08395960403945099,0.0008423328399658203,0.0,0.0,-5.0,nan,nan,nan,nan,nan
15.9705228805542,-0.07897873222827911,-0.13539405167102814,-4.081508159637451,0.08395960403945099,0.0010993480682373047,0.0,0.0,-5.0,nan,nan,nan,nan,nan
15.980955839157104,-0.07897873222827911,-0.13539405167102814,-4.081508159637451,0.08395960403945099,0.0033326148986816406,0.0,0.0,-5.0,nan,nan,nan,nan,nan
15.990697622299194,-0.08529170602560043,-0.1464693248271942,-4.087296009063721,0.08820878812678654,0.003359079360961914,0.0,0.0,-5.0,nan,nan,nan,nan,nan
16.00132393836975,-0.08529170602560043,-0.1464693248271942,-4.087296009063721,0.08820878812678654,0.002862691879272461,0.0,0.0,-5.0,nan,nan,nan,nan,nan
16.0105402469635,-0.08529170602560043,-0.1464693248271942,-4.087296009063721,0.08820878812678654,0.0032243728637695312,0.0,0.0,-5.0,nan,nan,nan,nan,nan
16.020598888397217,-0.0902177020907402,-0.1550549864768982,-4.091761112213135,0.09137745392647885,0.0024573802947998047,0.0,0.0,-5.0,nan,nan,nan,nan,nan
16.03035831451416,-0.0902177020907402,-0.1550549864768982,-4.091761112213135,0.09137745392647885,0.0010771751403808594,0.0,0.0,-5.0,nan,nan,nan,nan,nan
16.040237426757812,-0.09538885951042175,-0.16392438113689423,-4.0963521003723145,0.0944259929681631,0.0019330978393554688,0.0,0.0,-5.0,nan,nan,nan,nan,nan
16.05045247077942,-0.09538885951042175,-0.16392438113689423,-4.0963521003723145,0.0944259929681631,0.0017502307891845703,0.0,0.0,-5.0,nan,nan,nan,nan,nan
16.06301474571228,-0.1007712110877037,-0.17307235300540924,-4.101035118103027,0.09744893162078483,0.003597736358642578,0.0,0.0,-5.0,nan,nan,nan,nan,nan
16.070603847503662,-0.1007712110877037,-0.17307235300540924,-4.101035118103027,0.09744893162078483,0.0030798912048339844,0.0,0.0,-5.0,nan,nan,nan,nan,nan
16.080409288406372,-0.1007712110877037,-0.17307235300540924,-4.101035118103027,0.09744893162078483,0.0022220611572265625,0.0,0.0,-5.0,nan,nan,nan,nan,nan
16.09057092666626,-0.10634244233369827,-0.18250219523906708,-4.105827331542969,0.1004983834055629,0.0009415149688720703,0.0,0.0,-5.0,nan,nan,nan,nan,nan
16.100409746170044,-0.10634244233369827,-0.18250219523906708,-4.105827331542969,0.1004983834055629,0.0006968975067138672,0.0,0.0,-5.0,nan,nan,nan,nan,nan
16.1110999584198,-0.11208315193653107,-0.19221767783164978,-4.110730171203613,0.10337262955261653,0.0008757114410400391,0.0,0.0,-5.0,nan,nan,nan,nan,nan
16.1202335357666,-0.11208315193653107,-0.19221767783164978,-4.110730171203613,0.10337262955261653,0.0007472038269042969,0.0,0.0,-5.0,nan,nan,nan,nan,nan
16.130287408828735,-0.11208315193653107,-0.19221767783164978,-4.110730171203613,0.10337262955261653,0.0009920597076416016,0.0,0.0,-5.0,nan,nan,nan,nan,nan
16.140501976013184,-0.11804904788732529,-0.2022402584552765,-4.115743160247803,0.10626950506641408,0.001920461654663086,0.0,0.0,-5.0,nan,nan,nan,nan,nan
16.15029525756836,-0.11804904788732529,-0.2022402584552765,-4.115743160247803,0.10626950506641408,0.000885009765625,0.0,0.0,-5.0,nan,nan,nan,nan,nan
16.163536548614502,-0.1241668090224266,-0.21249596774578094,-4.120859622955322,0.10921879315120563,0.0009121894836425781,0.0,0.0,-5.0,nan,nan,nan,nan,nan
16.17026376724243,-0.1241668090224266,-0.21249596774578094,-4.120859622955322,0.10921879315120563,0.0008969306945800781,0.0,0.0,-5.0,nan,nan,nan,nan,nan
16.180289030075073,-0.1241668090224266,-0.21249596774578094,-4.120859622955322,0.10921879315120563,0.0008242130279541016,0.0,0.0,-5.0,nan,nan,nan,nan,nan
16.190441608428955,-0.13256166875362396,-0.22655192017555237,-4.127810955047607,0.11304651395585838,0.0018200874328613281,0.0,0.0,-5.0,nan,nan,nan,nan,nan
16.200953245162964,-0.13256166875362396,-0.22655192017555237,-4.127810955047607,0.11304651395585838,0.0016796588897705078,0.0,0.0,-5.0,nan,nan,nan,nan,nan
16.2122802734375,-0.13903965055942535,-0.23737776279449463,-4.133096218109131,0.11599544959385025,0.001682281494140625,0.0,0.0,-5.0,nan,nan,nan,nan,nan
16.22042942047119,-0.13903965055942535,-0.23737776279449463,-4.133096218109131,0.11599544959385025,0.0016155242919921875,0.0,0.0,-5.0,nan,nan,nan,nan,nan
16.230535984039307,-0.13903965055942535,-0.23737776279449463,-4.133096218109131,0.11599544959385025,0.001973390579223633,0.0,0.0,-5.0,nan,nan,nan,nan,nan
16.240466594696045,-0.14565052092075348,-0.2484123706817627,-4.138473033905029,0.1188753392368124,0.0017516613006591797,0.0,0.0,-5.0,nan,nan,nan,nan,nan
16.250458002090454,-0.14565052092075348,-0.2484123706817627,-4.138473033905029,0.1188753392368124,0.001787424087524414,0.0,0.0,-5.0,nan,nan,nan,nan,nan
16.260515689849854,-0.14565052092075348,-0.2484123706817627,-4.138473033905029,0.1188753392368124,0.001894235610961914,0.0,0.0,-5.0,nan,nan,nan,nan,nan
16.270242929458618,-0.15241780877113342,-0.25962015986442566,-4.143910884857178,0.12168871768484303,0.0009324550628662109,0.0,0.0,-5.0,nan,nan,nan,nan,nan
16.280288219451904,-0.15241780877113342,-0.25962015986442566,-4.143910884857178,0.12168871768484303,0.0008497238159179688,0.0,0.0,-5.0,nan,nan,nan,nan,nan
16.2903835773468,-0.1592586785554886,-0.2710118293762207,-4.149415016174316,0.12467294052574424,0.00177764892578125,0.0,0.0,-5.0,nan,nan,nan,nan,nan
16.301409482955933,-0.1592586785554886,-0.2710118293762207,-4.149415016174316,0.12467294052574424,0.0032651424407958984,0.0,0.0,-5.0,nan,nan,nan,nan,nan
16.313084363937378,-0.16619223356246948,-0.2825859487056732,-4.154993534088135,0.12763005991244192,0.001756906509399414,0.0,0.0,-5.0,nan,nan,nan,nan,nan
16.320505142211914,-0.16619223356246948,-0.2825859487056732,-4.154993534088135,0.12763005991244192,0.0017693042755126953,0.0,0.0,-5.0,nan,nan,nan,nan,nan
16.33060622215271,-0.16619223356246948,-0.2825859487056732,-4.154993534088135,0.12763005991244192,0.00185394287109375,0.0,0.0,-5.0,nan,nan,nan,nan,nan
16.341919660568237,-0.17562855780124664,-0.2983013391494751,-4.162534713745117,0.1315065130419769,0.0033159255981445312,0.0,0.0,-5.0,nan,nan,nan,nan,nan
16.350602865219116,-0.17562855780124664,-0.2983013391494751,-4.162534713745117,0.1315065130419769,0.0031278133392333984,0.0,0.0,-5.0,nan,nan,nan,nan,nan
16.362415075302124,-0.18041889369487762,-0.3062661588191986,-4.166335105895996,0.13352008933041248,0.0029973983764648438,0.0,0.0,-5.0,nan,nan,nan,nan,nan
16.370598316192627,-0.18041889369487762,-0.3062661588191986,-4.166335105895996,0.13352008933041248,0.0029637813568115234,0.0,0.0,-5.0,nan,nan,nan,nan,nan
16.380807161331177,-0.18041889369487762,-0.3062661588191986,-4.166335105895996,0.13352008933041248,0.003608226776123047,0.0,0.0,-5.0,nan,nan,nan,nan,nan
16.39046859741211,-0.18763390183448792,-0.31834152340888977,-4.172091960906982,0.13651347531405122,0.0016903877258300781,0.0,0.0,-5.0,nan,nan,nan,nan,nan
16.40097188949585,-0.18763390183448792,-0.31834152340888977,-4.172091960906982,0.13651347531405122,0.0016818046569824219,0.0,0.0,-5.0,nan,nan,nan,nan,nan
16.412052869796753,-0.19735245406627655,-0.3347007930278778,-4.179890155792236,0.14061975268269292,0.0018787384033203125,0.0,0.0,-5.0,nan,nan,nan,nan,nan
16.420409202575684,-0.19735245406627655,-0.3347007930278778,-4.179890155792236,0.14061975268269292,0.0017347335815429688,0.0,0.0,-5.0,nan,nan,nan,nan,nan
16.43053412437439,-0.19735245406627655,-0.3347007930278778,-4.179890155792236,0.14061975268269292,0.0013844966888427734,0.0,0.0,-5.0,nan,nan,nan,nan,nan
16.440287828445435,-0.20469239354133606,-0.3471619188785553,-4.185825824737549,0.14387253279313822,0.0009911060333251953,0.0,0.0,-5.0,nan,nan,nan,nan,nan
16.450335025787354,-0.20469239354133606,-0.3471619188785553,-4.185825824737549,0.14387253279313822,0.0009927749633789062,0.0,0.0,-5.0,nan,nan,nan,nan,nan
16.461321592330933,-0.21211962401866913,-0.35978713631629944,-4.191855430603027,0.1470864964638509,0.0011188983917236328,0.0,0.0,-5.0,nan,nan,nan,nan,nan
16.47044587135315,-0.21211962401866913,-0.35978713631629944,-4.191855430603027,0.1470864964638509,0.0017650127410888672,0.0,0.0,-5.0,nan,nan,nan,nan,nan
16.480663299560547,-0.21211962401866913,-0.35978713631629944,-4.191855430603027,0.1470864964638509,0.0019903182983398438,0.0,0.0,-5.0,nan,nan,nan,nan,nan
16.49025583267212,-0.21709352731704712,-0.3682888150215149,-4.195925712585449,0.14932405994863426,0.0009489059448242188,0.0,0.0,-5.0,nan,nan,nan,nan,nan
16.500429391860962,-0.21709352731704712,-0.3682888150215149,-4.195925712585449,0.14932405994863426,0.0007047653198242188,0.0,0.0,-5.0,nan,nan,nan,nan,nan
16.512062072753906,-0.2271106243133545,-0.3855099678039551,-4.204168319702148,0.15405344180624198,0.0018498897552490234,0.0,0.0,-5.0,nan,nan,nan,nan,nan
16.520498275756836,-0.2271106243133545,-0.3855099678039551,-4.204168319702148,0.15405344180624198,0.0017535686492919922,0.0,0.0,-5.0,nan,nan,nan,nan,nan
16.53048300743103,-0.2271106243133545,-0.3855099678039551,-4.204168319702148,0.15405344180624198,0.0017175674438476562,0.0,0.0,-5.0,nan,nan,nan,nan,nan
16.54031229019165,-0.23216299712657928,-0.3942399024963379,-4.2083563804626465,0.15637078234992857,0.0010788440704345703,0.0,0.0,-5.0,nan,nan,nan,nan,nan
16.55032515525818,-0.23216299712657928,-0.3942399024963379,-4.2083563804626465,0.15637078234992857,0.0014204978942871094,0.0,0.0,-5.0,nan,nan,nan,nan,nan
16.561224699020386,-0.24227146804332733,-0.41193243861198425,-4.21686315536499,0.16141333584506587,0.0009760856628417969,0.0,0.0,-5.0,nan,nan,nan,nan,nan
16.570688486099243,-0.24227146804332733,-0.41193243861198425,-4.21686315536499,0.16141333584506587,0.0020563602447509766,0.0,0.0,-5.0,nan,nan,nan,nan,nan
16.58051300048828,-0.24227146804332733,-0.41193243861198425,-4.21686315536499,0.16141333584506587,0.0018768310546875,0.0,0.0,-5.0,nan,nan,nan,nan,nan
16.59027910232544,-0.24985305964946747,-0.4254133701324463,-4.223405361175537,0.1655036160595148,0.0017199516296386719,0.0,0.0,-5.0,nan,nan,nan,nan,nan
16.60054588317871,-0.24985305964946747,-0.4254133701324463,-4.223405361175537,0.1655036160595148,0.0007605552673339844,0.0,0.0,-5.0,nan,nan,nan,nan,nan
16.61188292503357,-0.25741758942604065,-0.43905872106552124,-4.230041027069092,0.1697446717794771,0.001758575439453125,0.0,0.0,-5.0,nan,nan,nan,nan,nan
16.620455980300903,-0.25741758942604065,-0.43905872106552124,-4.230041027069092,0.1697446717794771,0.0016505718231201172,0.0,0.0,-5.0,nan,nan,nan,nan,nan
16.6305148601532,-0.25741758942604065,-0.43905872106552124,-4.230041027069092,0.1697446717794771,0.001867055892944336,0.0,0.0,-5.0,nan,nan,nan,nan,nan
16.640294313430786,-0.2649712562561035,-0.45291242003440857,-4.236862659454346,0.17427197004915987,0.0008873939514160156,0.0,0.0,-5.0,nan,nan,nan,nan,nan
16.650261402130127,-0.2649712562561035,-0.45291242003440857,-4.236862659454346,0.17427197004915987,0.0008189678192138672,0.0,0.0,-5.0,nan,nan,nan,nan,nan
16.66163730621338,-0.27494725584983826,-0.471635639667511,-4.246078968048096,0.18073327572128892,0.0007791519165039062,0.0,0.0,-5.0,nan,nan,nan,nan,nan
16.670302867889404,-0.27494725584983826,-0.471635639667511,-4.246078968048096,0.18073327572128892,0.0007836818695068359,0.0,0.0,-5.0,nan,nan,nan,nan,nan
16.680541038513184,-0.27494725584983826,-0.471635639667511,-4.246078968048096,0.18073327572128892,0.0018537044525146484,0.0,0.0,-5.0,nan,nan,nan,nan,nan
16.69022536277771,-0.27990686893463135,-0.4811142385005951,-4.250706195831299,0.1842362586533031,0.0008780956268310547,0.0,0.0,-5.0,nan,nan,nan,nan,nan
16.700460195541382,-0.27990686893463135,-0.4811142385005951,-4.250706195831299,0.1842362586533031,0.0007026195526123047,0.0,0.0,-5.0,nan,nan,nan,nan,nan
16.71140480041504,-0.28976505994796753,-0.5003049373626709,-4.259921550750732,0.19184686351661262,0.0015571117401123047,0.0,0.0,-5.0,nan,nan,nan,nan,nan
16.720474004745483,-0.28976505994796753,-0.5003049373626709,-4.259921550750732,0.19184686351661262,0.0017435550689697266,0.0,0.0,-5.0,nan,nan,nan,nan,nan
16.73039937019348,-0.28976505994796753,-0.5003049373626709,-4.259921550750732,0.19184686351661262,0.0018737316131591797,0.0,0.0,-5.0,nan,nan,nan,nan,nan
16.740484714508057,-0.29464903473854065,-0.5100119113922119,-4.2645111083984375,0.19591354054307555,0.0019576549530029297,0.0,0.0,-5.0,nan,nan,nan,nan,nan
16.750314950942993,-0.29464903473854065,-0.5100119113922119,-4.2645111083984375,0.19591354054307555,0.0010590553283691406,0.0,0.0,-5.0,nan,nan,nan,nan,nan
16.76213765144348,-0.30427470803260803,-0.5296138525009155,-4.273506164550781,0.20469457018144,0.0017888545989990234,0.0,0.0,-5.0,nan,nan,nan,nan,nan
16.77044367790222,-0.30427470803260803,-0.5296138525009155,-4.273506164550781,0.20469457018144,0.0016810894012451172,0.0,0.0,-5.0,nan,nan,nan,nan,nan
16.780399084091187,-0.30427470803260803,-0.5296138525009155,-4.273506164550781,0.20469457018144,0.0015556812286376953,0.0,0.0,-5.0,nan,nan,nan,nan,nan
16.790541648864746,-0.31132909655570984,-0.5444228649139404,-4.280099868774414,0.2118920809132032,0.001848459243774414,0.0,0.0,-5.0,nan,nan,nan,nan,nan
16.800854682922363,-0.31132909655570984,-0.5444228649139404,-4.280099868774414,0.2118920809132032,0.0017323493957519531,0.0,0.0,-5.0,nan,nan,nan,nan,nan
16.810309171676636,-0.31132909655570984,-0.5444228649139404,-4.280099868774414,0.2118920809132032,0.0016160011291503906,0.0,0.0,-5.0,nan,nan,nan,nan,nan
16.82040786743164,-0.31823647022247314,-0.5592442154884338,-4.286512851715088,0.21954801865964677,0.0017671585083007812,0.0,0.0,-5.0,nan,nan,nan,nan,nan
16.830419301986694,-0.31823647022247314,-0.5592442154884338,-4.286512851715088,0.21954801865964677,0.0017344951629638672,0.0,0.0,-5.0,nan,nan,nan,nan,nan
16.840308904647827,-0.3249744474887848,-0.5740980505943298,-4.292734622955322,0.22760015205179368,0.0014188289642333984,0.0,0.0,-5.0,nan,nan,nan,nan,nan
16.850616216659546,-0.3249744474887848,-0.5740980505943298,-4.292734622955322,0.22760015205179368,0.0011334419250488281,0.0,0.0,-5.0,nan,nan,nan,nan,nan
16.86094641685486,-0.3336865305900574,-0.593842625617981,-4.300642013549805,0.23893191818789622,0.0017902851104736328,0.0,0.0,-5.0,nan,nan,nan,nan,nan
16.870301961898804,-0.3336865305900574,-0.593842625617981,-4.300642013549805,0.23893191818789622,0.0010628700256347656,0.0,0.0,-5.0,nan,nan,nan,nan,nan
16.88034725189209,-0.3336865305900574,-0.593842625617981,-4.300642013549805,0.23893191818789622,0.0011048316955566406,0.0,0.0,-5.0,nan,nan,nan,nan,nan
16.8905086517334,-0.33789753913879395,-0.6036490797996521,-4.304405212402344,0.24486220722180269,0.0017857551574707031,0.0,0.0,-5.0,nan,nan,nan,nan,nan
16.900827407836914,-0.33789753913879395,-0.6036490797996521,-4.304405212402344,0.24486220722180269,0.0016713142395019531,0.0,0.0,-5.0,nan,nan,nan,nan,nan
16.912039041519165,-0.34200039505958557,-0.6133911609649658,-4.308037281036377,0.2510180096554917,0.0011098384857177734,0.0,0.0,-5.0,nan,nan,nan,nan,nan
16.92035698890686,-0.34200039505958557,-0.6133911609649658,-4.308037281036377,0.2510180096554917,0.001049041748046875,0.0,0.0,-5.0,nan,nan,nan,nan,nan
16.93069624900818,-0.34200039505958557,-0.6133911609649658,-4.308037281036377,0.2510180096554917,0.0019257068634033203,0.0,0.0,-5.0,nan,nan,nan,nan,nan
16.940304040908813,-0.34984052181243896,-0.6325721740722656,-4.314925670623779,0.26377735223533605,0.001178741455078125,0.0,0.0,-5.0,nan,nan,nan,nan,nan
16.950433015823364,-0.34984052181243896,-0.6325721740722656,-4.314925670623779,0.26377735223533605,0.0018169879913330078,0.0,0.0,-5.0,nan,nan,nan,nan,nan
16.962069749832153,-0.35718339681625366,-0.6511936783790588,-4.321299076080322,0.27727708881582647,0.0018482208251953125,0.0,0.0,-5.0,nan,nan,nan,nan,nan
16.970488786697388,-0.35718339681625366,-0.6511936783790588,-4.321299076080322,0.27727708881582647,0.0018780231475830078,0.0,0.0,-5.0,nan,nan,nan,nan,nan
16.98057508468628,-0.35718339681625366,-0.6511936783790588,-4.321299076080322,0.27727708881582647,0.0021202564239501953,0.0,0.0,-5.0,nan,nan,nan,nan,nan
16.99063467979431,-0.36236536502838135,-0.6647033095359802,-4.325703144073486,0.2877383210594746,0.0021402835845947266,0.0,0.0,-5.0,nan,nan,nan,nan,nan
17.000886917114258,-0.36236536502838135,-0.6647033095359802,-4.325703144073486,0.2877383210594746,0.001245260238647461,0.0,0.0,-5.0,nan,nan,nan,nan,nan
17.01164698600769,-0.36566677689552307,-0.6735076904296875,-4.328470706939697,0.29485558376935983,0.0010833740234375,0.0,0.0,-5.0,nan,nan,nan,nan,nan
17.020386219024658,-0.36566677689552307,-0.6735076904296875,-4.328470706939697,0.29485558376935983,0.0010530948638916016,0.0,0.0,-5.0,nan,nan,nan,nan,nan
17.03028893470764,-0.36566677689552307,-0.6735076904296875,-4.328470706939697,0.29485558376935983,0.0014798641204833984,0.0,0.0,-5.0,nan,nan,nan,nan,nan
17.04057741165161,-0.3718540370464325,-0.6904683709144592,-4.3335065841674805,0.30986529196097023,0.0018794536590576172,0.0,0.0,-5.0,nan,nan,nan,nan,nan
17.050488710403442,-0.3718540370464325,-0.6904683709144592,-4.3335065841674805,0.30986529196097023,0.001897573471069336,0.0,0.0,-5.0,nan,nan,nan,nan,nan
17.06198263168335,-0.3747423589229584,-0.6985956430435181,-4.3358259201049805,0.31729228240987367,0.0018846988677978516,0.0,0.0,-5.0,nan,nan,nan,nan,nan
17.070383071899414,-0.3747423589229584,-0.6985956430435181,-4.3358259201049805,0.31729228240987367,0.0016188621520996094,0.0,0.0,-5.0,nan,nan,nan,nan,nan
17.08047842979431,-0.3747423589229584,-0.6985956430435181,-4.3358259201049805,0.31729228240987367,0.0017323493957519531,0.0,0.0,-5.0,nan,nan,nan,nan,nan
17.090550422668457,-0.380159467458725,-0.7144073843955994,-4.338947772979736,0.32970581486336403,0.002089262008666992,0.0,0.0,-5.0,nan,nan,nan,nan,nan
17.10105061531067,-0.380159467458725,-0.7144073843955994,-4.338947772979736,0.32970581486336403,0.0008990764617919922,0.0,0.0,-5.0,nan,nan,nan,nan,nan
17.111040115356445,-0.3838408589363098,-0.7257179617881775,-4.339654922485352,0.3359417995883153,0.0008058547973632812,0.0,0.0,-5.0,nan,nan,nan,nan,nan
17.120314598083496,-0.3838408589363098,-0.7257179617881775,-4.339654922485352,0.3359417995883153,0.0008544921875,0.0,0.0,-5.0,nan,nan,nan,nan,nan
17.13030982017517,-0.3838408589363098,-0.7257179617881775,-4.339654922485352,0.3359417995883153,0.0008275508880615234,0.0,0.0,-5.0,nan,nan,nan,nan,nan
17.140575647354126,-0.38810932636260986,-0.7396597862243652,-4.338118553161621,0.33877839907650353,0.0020449161529541016,0.0,0.0,-5.0,nan,nan,nan,nan,nan
17.150404691696167,-0.38810932636260986,-0.7396597862243652,-4.338118553161621,0.33877839907650353,0.00113677978515625,0.0,0.0,-5.0,nan,nan,nan,nan,nan
17.161555528640747,-0.3898731470108032,-0.7460337281227112,-4.336234092712402,0.3380794689362796,0.0010395050048828125,0.0,0.0,-5.0,nan,nan,nan,nan,nan
17.17033338546753,-0.3898731470108032,-0.7460337281227112,-4.336234092712402,0.3380794689362796,0.0010492801666259766,0.0,0.0,-5.0,nan,nan,nan,nan,nan
17.180334329605103,-0.3898731470108032,-0.7460337281227112,-4.336234092712402,0.3380794689362796,0.0010807514190673828,0.0,0.0,-5.0,nan,nan,nan,nan,nan
17.190414428710938,-0.3926618695259094,-0.7572704553604126,-4.330431938171387,0.33289290828650503,0.0011255741119384766,0.0,0.0,-5.0,nan,nan,nan,nan,nan
17.200547695159912,-0.3926618695259094,-0.7572704553604126,-4.330431938171387,0.33289290828650503,0.0013132095336914062,0.0,0.0,-5.0,nan,nan,nan,nan,nan
17.212071180343628,-0.3936501443386078,-0.7619741559028625,-4.326559543609619,0.32852224173962125,0.0012524127960205078,0.0,0.0,-5.0,nan,nan,nan,nan,nan
17.22022795677185,-0.3936501443386078,-0.7619741559028625,-4.326559543609619,0.32852224173962125,0.0008339881896972656,0.0,0.0,-5.0,nan,nan,nan,nan,nan
17.230329513549805,-0.3936501443386078,-0.7619741559028625,-4.326559543609619,0.32852224173962125,0.0008473396301269531,0.0,0.0,-5.0,nan,nan,nan,nan,nan
17.24049687385559,-0.39452582597732544,-0.7689390778541565,-4.3166961669921875,0.3185974029377001,0.0019304752349853516,0.0,0.0,-5.0,nan,nan,nan,nan,nan
17.250405311584473,-0.39452582597732544,-0.7689390778541565,-4.3166961669921875,0.3185974029377001,0.0010886192321777344,0.0,0.0,-5.0,nan,nan,nan,nan,nan
17.261983394622803,-0.39425432682037354,-0.7716115713119507,-4.307562351226807,0.31039073503401554,0.0008633136749267578,0.0,0.0,-5.0,nan,nan,nan,nan,nan
17.270482063293457,-0.39425432682037354,-0.7716115713119507,-4.307562351226807,0.31039073503401554,0.0017366409301757812,0.0,0.0,-5.0,nan,nan,nan,nan,nan
17.2805118560791,-0.39425432682037354,-0.7716115713119507,-4.307562351226807,0.31039073503401554,0.0019457340240478516,0.0,0.0,-5.0,nan,nan,nan,nan,nan
17.290437698364258,-0.3930773437023163,-0.7719337344169617,-4.297133922576904,0.3019592963762233,0.0014700889587402344,0.0,0.0,-5.0,nan,nan,nan,nan,nan
17.3005952835083,-0.3930773437023163,-0.7719337344169617,-4.297133922576904,0.3019592963762233,0.0012097358703613281,0.0,0.0,-5.0,nan,nan,nan,nan,nan
17.31170654296875,-0.3917508125305176,-0.7708895802497864,-4.2895731925964355,0.2987032703307675,0.0011188983917236328,0.0,0.0,-5.0,nan,nan,nan,nan,nan
17.320369720458984,-0.3917508125305176,-0.7708895802497864,-4.2895731925964355,0.2987032703307675,0.001125335693359375,0.0,0.0,-5.0,nan,nan,nan,nan,nan
17.330456256866455,-0.3917508125305176,-0.7708895802497864,-4.2895731925964355,0.2987032703307675,0.001163482666015625,0.0,0.0,-5.0,nan,nan,nan,nan,nan
17.340407133102417,-0.3889012336730957,-0.7667190432548523,-4.277101516723633,0.2941759037018464,0.0011830329895019531,0.0,0.0,-5.0,nan,nan,nan,nan,nan
17.350552797317505,-0.3889012336730957,-0.7667190432548523,-4.277101516723633,0.2941759037018464,0.001973390579223633,0.0,0.0,-5.0,nan,nan,nan,nan,nan
17.361796140670776,-0.3838183879852295,-0.7569842338562012,-4.258986949920654,0.28845978502531766,0.0017740726470947266,0.0,0.0,-5.0,nan,nan,nan,nan,nan
17.370590686798096,-0.3838183879852295,-0.7569842338562012,-4.258986949920654,0.28845978502531766,0.0018379688262939453,0.0,0.0,-5.0,nan,nan,nan,nan,nan
17.38044548034668,-0.3838183879852295,-0.7569842338562012,-4.258986949920654,0.28845978502531766,0.0010671615600585938,0.0,0.0,-5.0,nan,nan,nan,nan,nan
17.390238761901855,-0.37711140513420105,-0.7418917417526245,-4.239309787750244,0.28256578852314074,0.0009222030639648438,0.0,0.0,-5.0,nan,nan,nan,nan,nan
17.400484323501587,-0.37711140513420105,-0.7418917417526245,-4.239309787750244,0.28256578852314074,0.0008945465087890625,0.0,0.0,-5.0,nan,nan,nan,nan,nan
17.411208868026733,-0.3732476532459259,-0.7324936389923096,-4.229043960571289,0.279180226456228,0.0009372234344482422,0.0,0.0,-5.0,nan,nan,nan,nan,nan
17.420247554779053,-0.3732476532459259,-0.7324936389923096,-4.229043960571289,0.279180226456228,0.0008032321929931641,0.0,0.0,-5.0,nan,nan,nan,nan,nan
17.43028163909912,-0.3732476532459259,-0.7324936389923096,-4.229043960571289,0.279180226456228,0.0012710094451904297,0.0,0.0,-5.0,nan,nan,nan,nan,nan
17.440274953842163,-0.36661016941070557,-0.7155863046646118,-4.213137149810791,0.27314368360369373,0.0008840560913085938,0.0,0.0,-5.0,nan,nan,nan,nan,nan
17.450318098068237,-0.36661016941070557,-0.7155863046646118,-4.213137149810791,0.27314368360369373,0.0008714199066162109,0.0,0.0,-5.0,nan,nan,nan,nan,nan
17.461410522460938,-0.35922738909721375,-0.6959224343299866,-4.1969685554504395,0.26559493048532895,0.0010898113250732422,0.0,0.0,-5.0,nan,nan,nan,nan,nan
17.470383882522583,-0.35922738909721375,-0.6959224343299866,-4.1969685554504395,0.26559493048532895,0.0010800361633300781,0.0,0.0,-5.0,nan,nan,nan,nan,nan
17.48029112815857,-0.35922738909721375,-0.6959224343299866,-4.1969685554504395,0.26559493048532895,0.0008738040924072266,0.0,0.0,-5.0,nan,nan,nan,nan,nan
17.49033284187317,-0.3483029007911682,-0.6656142473220825,-4.17533016204834,0.25231222291756816,0.0015938282012939453,0.0,0.0,-5.0,nan,nan,nan,nan,nan
17.500709772109985,-0.3483029007911682,-0.6656142473220825,-4.17533016204834,0.25231222291756816,0.0009951591491699219,0.0,0.0,-5.0,nan,nan,nan,nan,nan
17.511606216430664,-0.3393803834915161,-0.6400707364082336,-4.159252643585205,0.23974094211000743,0.0016164779663085938,0.0,0.0,-5.0,nan,nan,nan,nan,nan
17.520583868026733,-0.3393803834915161,-0.6400707364082336,-4.159252643585205,0.23974094211000743,0.0018672943115234375,0.0,0.0,-5.0,nan,nan,nan,nan,nan
17.53049874305725,-0.3393803834915161,-0.6400707364082336,-4.159252643585205,0.23974094211000743,0.001280069351196289,0.0,0.0,-5.0,nan,nan,nan,nan,nan
17.540324211120605,-0.3330971300601959,-0.6217886805534363,-4.148682594299316,0.22994152993273836,0.0011789798736572266,0.0,0.0,-5.0,nan,nan,nan,nan,nan
17.550325393676758,-0.3330971300601959,-0.6217886805534363,-4.148682594299316,0.22994152993273836,0.0010526180267333984,0.0,0.0,-5.0,nan,nan,nan,nan,nan
17.56233048439026,-0.3197728991508484,-0.5826077461242676,-4.128159999847412,0.20740005502308495,0.0018765926361083984,0.0,0.0,-5.0,nan,nan,nan,nan,nan
17.570404052734375,-0.3197728991508484,-0.5826077461242676,-4.128159999847412,0.20740005502308495,0.0016126632690429688,0.0,0.0,-5.0,nan,nan,nan,nan,nan
17.580408573150635,-0.3197728991508484,-0.5826077461242676,-4.128159999847412,0.20740005502308495,0.0012860298156738281,0.0,0.0,-5.0,nan,nan,nan,nan,nan
17.590319871902466,-0.31273531913757324,-0.5618722438812256,-4.118277072906494,0.19478184452983321,0.0018155574798583984,0.0,0.0,-5.0,nan,nan,nan,nan,nan
17.60062599182129,-0.31273531913757324,-0.5618722438812256,-4.118277072906494,0.19478184452983321,0.0010037422180175781,0.0,0.0,-5.0,nan,nan,nan,nan,nan
17.61134147644043,-0.2980586588382721,-0.518692135810852,-4.099405765533447,0.1664154109676374,0.0009980201721191406,0.0,0.0,-5.0,nan,nan,nan,nan,nan
17.620328426361084,-0.2980586588382721,-0.518692135810852,-4.099405765533447,0.1664154109676374,0.001112222671508789,0.0,0.0,-5.0,nan,nan,nan,nan,nan
17.63036799430847,-0.2980586588382721,-0.518692135810852,-4.099405765533447,0.1664154109676374,0.0012235641479492188,0.0,0.0,-5.0,nan,nan,nan,nan,nan
17.64026641845703,-0.2863515615463257,-0.48490110039711,-4.086116790771484,0.14319693449372994,0.0011692047119140625,0.0,0.0,-5.0,nan,nan,nan,nan,nan
17.650293350219727,-0.2863515615463257,-0.48490110039711,-4.086116790771484,0.14319693449372994,0.0009918212890625,0.0,0.0,-5.0,nan,nan,nan,nan,nan
17.662441968917847,-0.2741187810897827,-0.45031511783599854,-4.0735931396484375,0.11854512141058471,0.0010654926300048828,0.0,0.0,-5.0,nan,nan,nan,nan,nan
17.670316696166992,-0.2741187810897827,-0.45031511783599854,-4.0735931396484375,0.11854512141058471,0.0009987354278564453,0.0,0.0,-5.0,nan,nan,nan,nan,nan
17.680352210998535,-0.2741187810897827,-0.45031511783599854,-4.0735931396484375,0.11854512141058471,0.001013040542602539,0.0,0.0,-5.0,nan,nan,nan,nan,nan
17.690584659576416,-0.2613365650177002,-0.41513702273368835,-4.061849594116211,0.09274475593687086,0.00113677978515625,0.0,0.0,-5.0,nan,nan,nan,nan,nan
17.700600147247314,-0.2613365650177002,-0.41513702273368835,-4.061849594116211,0.09274475593687086,0.00096893310546875,0.0,0.0,-5.0,nan,nan,nan,nan,nan
17.71140193939209,-0.2479787915945053,-0.3795519471168518,-4.050885200500488,0.06586722978647892,0.0009856224060058594,0.0,0.0,-5.0,nan,nan,nan,nan,nan
17.720372438430786,-0.2479787915945053,-0.3795519471168518,-4.050885200500488,0.06586722978647892,0.0010535717010498047,0.0,0.0,-5.0,nan,nan,nan,nan,nan
17.730576515197754,-0.2479787915945053,-0.3795519471168518,-4.050885200500488,0.06586722978647892,0.0016074180603027344,0.0,0.0,-5.0,nan,nan,nan,nan,nan
17.740285634994507,-0.2339380532503128,-0.34375399351119995,-4.040749549865723,0.03853605820653968,0.0010693073272705078,0.0,0.0,-5.0,nan,nan,nan,nan,nan
17.7503399848938,-0.2339380532503128,-0.34375399351119995,-4.040749549865723,0.03853605820653968,0.0010540485382080078,0.0,0.0,-5.0,nan,nan,nan,nan,nan
17.76155996322632,-0.21429643034934998,-0.29608067870140076,-4.028392791748047,0.0017628971417394373,0.0018069744110107422,0.0,0.0,-5.0,nan,nan,nan,nan,nan
17.770479679107666,-0.21429643034934998,-0.29608067870140076,-4.028392791748047,0.0017628971417394373,0.00171661376953125,0.0,0.0,-5.0,nan,nan,nan,nan,nan
17.780521154403687,-0.21429643034934998,-0.29608067870140076,-4.028392791748047,0.0017628971417394373,0.0019500255584716797,0.0,0.0,-5.0,nan,nan,nan,nan,nan
17.790420293807983,-0.2040446549654007,-0.2723797559738159,-4.022708415985107,-0.016476446279271553,0.0017178058624267578,0.0,0.0,-5.0,nan,nan,nan,nan,nan
17.800836324691772,-0.2040446549654007,-0.2723797559738159,-4.022708415985107,-0.016476446279271553,0.0015869140625,0.0,0.0,-5.0,nan,nan,nan,nan,nan
17.812318563461304,-0.18266770243644714,-0.22545704245567322,-4.012293815612793,-0.05289756692619893,0.0018172264099121094,0.0,0.0,-5.0,nan,nan,nan,nan,nan
17.820476531982422,-0.18266770243644714,-0.22545704245567322,-4.012293815612793,-0.05289756692619893,0.0016527175903320312,0.0,0.0,-5.0,nan,nan,nan,nan,nan
17.830475568771362,-0.18266770243644714,-0.22545704245567322,-4.012293815612793,-0.05289756692619893,0.0017104148864746094,0.0,0.0,-5.0,nan,nan,nan,nan,nan
17.840596675872803,-0.1715618371963501,-0.2023000866174698,-4.007539749145508,-0.07087330141625495,0.0016336441040039062,0.0,0.0,-5.0,nan,nan,nan,nan,nan
17.850353002548218,-0.1715618371963501,-0.2023000866174698,-4.007539749145508,-0.07087330141625495,0.0011584758758544922,0.0,0.0,-5.0,nan,nan,nan,nan,nan
17.861397743225098,-0.14859865605831146,-0.15674102306365967,-3.998908042907715,-0.10549473362686956,0.0009837150573730469,0.0,0.0,-5.0,nan,nan,nan,nan,nan
17.870258331298828,-0.14859865605831146,-0.15674102306365967,-3.998908042907715,-0.10549473362686956,0.0010864734649658203,0.0,0.0,-5.0,nan,nan,nan,nan,nan
17.88034176826477,-0.14859865605831146,-0.15674102306365967,-3.998908042907715,-0.10549473362686956,0.0010695457458496094,0.0,0.0,-5.0,nan,nan,nan,nan,nan
17.89039373397827,-0.13085080683231354,-0.12327498197555542,-3.9931092262268066,-0.13004139877293405,0.0016522407531738281,0.0,0.0,-5.0,nan,nan,nan,nan,nan
17.900848865509033,-0.13085080683231354,-0.12327498197555542,-3.9931092262268066,-0.13004139877293405,0.0011870861053466797,0.0,0.0,-5.0,nan,nan,nan,nan,nan
17.911949634552002,-0.10656970739364624,-0.07980968803167343,-3.9862499237060547,-0.16069674641007042,0.0017914772033691406,0.0,0.0,-5.0,nan,nan,nan,nan,nan
17.920456886291504,-0.10656970739364624,-0.07980968803167343,-3.9862499237060547,-0.16069674641007042,0.0012364387512207031,0.0,0.0,-5.0,nan,nan,nan,nan,nan
17.93026041984558,-0.10656970739364624,-0.07980968803167343,-3.9862499237060547,-0.16069674641007042,0.0007767677307128906,0.0,0.0,-5.0,nan,nan,nan,nan,nan
17.94042682647705,-0.09422618895769119,-0.05860740318894386,-3.983187675476074,-0.1750114200991298,0.001967191696166992,0.0,0.0,-5.0,nan,nan,nan,nan,nan
17.950488328933716,-0.09422618895769119,-0.05860740318894386,-3.983187675476074,-0.1750114200991298,0.0017740726470947266,0.0,0.0,-5.0,nan,nan,nan,nan,nan
17.961867332458496,-0.0755276009440422,-0.027505172416567802,-3.979011058807373,-0.19492863589012815,0.0010759830474853516,0.0,0.0,-5.0,nan,nan,nan,nan,nan
17.97039771080017,-0.0755276009440422,-0.027505172416567802,-3.979011058807373,-0.19492863589012815,0.001104116439819336,0.0,0.0,-5.0,nan,nan,nan,nan,nan
17.98045539855957,-0.0755276009440422,-0.027505172416567802,-3.979011058807373,-0.19492863589012815,0.0019309520721435547,0.0,0.0,-5.0,nan,nan,nan,nan,nan
17.990453720092773,-0.056683823466300964,0.0027768246363848448,-3.975297451019287,-0.2129609269002441,0.0018265247344970703,0.0,0.0,-5.0,nan,nan,nan,nan,nan
18.00071406364441,-0.056683823466300964,0.0027768246363848448,-3.975297451019287,-0.2129609269002441,0.0007989406585693359,0.0,0.0,-5.0,nan,nan,nan,nan,nan
18.011152982711792,-0.03777434676885605,0.032225318253040314,-3.9720282554626465,-0.22902184889820074,0.0008115768432617188,0.0,0.0,-5.0,nan,nan,nan,nan,nan
18.020240783691406,-0.03777434676885605,0.032225318253040314,-3.9720282554626465,-0.22902184889820074,0.000762939453125,0.0,0.0,-5.0,nan,nan,nan,nan,nan
18.030367612838745,-0.03777434676885605,0.032225318253040314,-3.9720282554626465,-0.22902184889820074,0.001100301742553711,0.0,0.0,-5.0,nan,nan,nan,nan,nan
18.04045343399048,-0.012552580796182156,0.07005055248737335,-3.9683761596679688,-0.24725825395882128,0.0019228458404541016,0.0,0.0,-5.0,nan,nan,nan,nan,nan
18.05044651031494,-0.012552580796182156,0.07005055248737335,-3.9683761596679688,-0.24725825395882128,0.0016810894012451172,0.0,0.0,-5.0,nan,nan,nan,nan,nan
18.062063932418823,6.211003892531153e-06,0.08829706907272339,-3.9668641090393066,-0.2550183687296551,0.0017478466033935547,0.0,0.0,-5.0,nan,nan,nan,nan,nan
18.070497035980225,6.211003892531153e-06,0.08829706907272339,-3.9668641090393066,-0.2550183687296551,0.0018360614776611328,0.0,0.0,-5.0,nan,nan,nan,nan,nan
18.08046007156372,6.211003892531153e-06,0.08829706907272339,-3.9668641090393066,-0.2550183687296551,0.0017724037170410156,0.0,0.0,-5.0,nan,nan,nan,nan,nan
18.090496063232422,0.02492932230234146,0.12365177273750305,-3.96425724029541,-0.2678066773514649,0.0019316673278808594,0.0,0.0,-5.0,nan,nan,nan,nan,nan
18.10093593597412,0.02492932230234146,0.12365177273750305,-3.96425724029541,-0.2678066773514649,0.0012390613555908203,0.0,0.0,-5.0,nan,nan,nan,nan,nan
18.111986875534058,0.04335907846689224,0.1490713655948639,-3.962656021118164,-0.27503356872214324,0.0011181831359863281,0.0,0.0,-5.0,nan,nan,nan,nan,nan
18.120298862457275,0.04335907846689224,0.1490713655948639,-3.962656021118164,-0.27503356872214324,0.001027822494506836,0.0,0.0,-5.0,nan,nan,nan,nan,nan
18.130472898483276,0.04335907846689224,0.1490713655948639,-3.962656021118164,-0.27503356872214324,0.0018968582153320312,0.0,0.0,-5.0,nan,nan,nan,nan,nan
18.140332460403442,0.06150532886385918,0.17357490956783295,-3.9613137245178223,-0.2803136162439175,0.0011262893676757812,0.0,0.0,-5.0,nan,nan,nan,nan,nan
18.15035629272461,0.06150532886385918,0.17357490956783295,-3.9613137245178223,-0.2803136162439175,0.0010728836059570312,0.0,0.0,-5.0,nan,nan,nan,nan,nan
18.16128969192505,0.07340621203184128,0.18941321969032288,-3.960533618927002,-0.2827472125760795,0.0011627674102783203,0.0,0.0,-5.0,nan,nan,nan,nan,nan
18.17046332359314,0.07340621203184128,0.18941321969032288,-3.960533618927002,-0.2827472125760795,0.0017852783203125,0.0,0.0,-5.0,nan,nan,nan,nan,nan
18.180496215820312,0.07340621203184128,0.18941321969032288,-3.960533618927002,-0.2827472125760795,0.0018205642700195312,0.0,0.0,-5.0,nan,nan,nan,nan,nan
18.190503358840942,0.09665612131357193,0.21981586515903473,-3.9592018127441406,-0.28513234176363744,0.0019168853759765625,0.0,0.0,-5.0,nan,nan,nan,nan,nan
18.200846195220947,0.09665612131357193,0.21981586515903473,-3.9592018127441406,-0.28513234176363744,0.0016241073608398438,0.0,0.0,-5.0,nan,nan,nan,nan,nan
18.211986303329468,0.11359471827745438,0.24155688285827637,-3.9583663940429688,-0.28487085682403723,0.0012888908386230469,0.0,0.0,-5.0,nan,nan,nan,nan,nan
18.220486640930176,0.11359471827745438,0.24155688285827637,-3.9583663940429688,-0.28487085682403723,0.0017821788787841797,0.0,0.0,-5.0,nan,nan,nan,nan,nan
18.230347871780396,0.11359471827745438,0.24155688285827637,-3.9583663940429688,-0.28487085682403723,0.0011556148529052734,0.0,0.0,-5.0,nan,nan,nan,nan,nan
18.24025821685791,0.13537435233592987,0.2689983546733856,-3.9574384689331055,-0.28199998862375464,0.001749277114868164,0.0,0.0,-5.0,nan,nan,nan,nan,nan
18.250520944595337,0.13537435233592987,0.2689983546733856,-3.9574384689331055,-0.28199998862375464,0.001851797103881836,0.0,0.0,-5.0,nan,nan,nan,nan,nan
18.26200842857361,0.14586657285690308,0.28203949332237244,-3.9570469856262207,-0.2795504443351018,0.0016949176788330078,0.0,0.0,-5.0,nan,nan,nan,nan,nan
18.270237684249878,0.14586657285690308,0.28203949332237244,-3.9570469856262207,-0.2795504443351018,0.0008132457733154297,0.0,0.0,-5.0,nan,nan,nan,nan,nan
18.28048610687256,0.14586657285690308,0.28203949332237244,-3.9570469856262207,-0.2795504443351018,0.0017061233520507812,0.0,0.0,-5.0,nan,nan,nan,nan,nan
18.290513515472412,0.1661793738603592,0.30702757835388184,-3.956299304962158,-0.2727932813704421,0.0019273757934570312,0.0,0.0,-5.0,nan,nan,nan,nan,nan
18.300435066223145,0.1661793738603592,0.30702757835388184,-3.956299304962158,-0.2727932813704421,0.0007317066192626953,0.0,0.0,-5.0,nan,nan,nan,nan,nan
18.31092071533203,0.18074020743370056,0.32471826672554016,-3.955760955810547,-0.26628777246947033,0.0007693767547607422,0.0,0.0,-5.0,nan,nan,nan,nan,nan
18.320573091506958,0.18074020743370056,0.32471826672554016,-3.955760955810547,-0.26628777246947033,0.0019707679748535156,0.0,0.0,-5.0,nan,nan,nan,nan,nan
18.330409288406372,0.18074020743370056,0.32471826672554016,-3.955760955810547,-0.26628777246947033,0.0017185211181640625,0.0,0.0,-5.0,nan,nan,nan,nan,nan
18.340503454208374,0.19469644129276276,0.34153690934181213,-3.955211639404297,-0.2585979991410561,0.0014710426330566406,0.0,0.0,-5.0,nan,nan,nan,nan,nan
18.350282192230225,0.19469644129276276,0.34153690934181213,-3.955211639404297,-0.2585979991410561,0.0008294582366943359,0.0,0.0,-5.0,nan,nan,nan,nan,nan
18.361014366149902,0.20799952745437622,0.35736551880836487,-3.9546217918395996,-0.24996460863686049,0.0008094310760498047,0.0,0.0,-5.0,nan,nan,nan,nan,nan
18.370258331298828,0.20799952745437622,0.35736551880836487,-3.9546217918395996,-0.24996460863686049,0.0007390975952148438,0.0,0.0,-5.0,nan,nan,nan,nan,nan
18.38030505180359,0.20799952745437622,0.35736551880836487,-3.9546217918395996,-0.24996460863686049,0.0013954639434814453,0.0,0.0,-5.0,nan,nan,nan,nan,nan
18.390307903289795,0.21652570366859436,0.3674498200416565,-3.9541711807250977,-0.24370889188909756,0.0011107921600341797,0.0,0.0,-5.0,nan,nan,nan,nan,nan
18.400603532791138,0.21652570366859436,0.3674498200416565,-3.9541711807250977,-0.24370889188909756,0.0009779930114746094,0.0,0.0,-5.0,nan,nan,nan,nan,nan
18.411254167556763,0.23278717696666718,0.38655272126197815,-3.9531326293945312,-0.2301218890071234,0.0010051727294921875,0.0,0.0,-5.0,nan,nan,nan,nan,nan
18.42030930519104,0.23278717696666718,0.38655272126197815,-3.9531326293945312,-0.2301218890071234,0.0010824203491210938,0.0,0.0,-5.0,nan,nan,nan,nan,nan
18.430331468582153,0.23278717696666718,0.38655272126197815,-3.9531326293945312,-0.2301218890071234,0.0010390281677246094,0.0,0.0,-5.0,nan,nan,nan,nan,nan
18.440332651138306,0.24796433746814728,0.40404370427131653,-3.951885223388672,-0.21550023088294384,0.0017545223236083984,0.0,0.0,-5.0,nan,nan,nan,nan,nan
18.450421810150146,0.24796433746814728,0.40404370427131653,-3.951885223388672,-0.21550023088294384,0.0010950565338134766,0.0,0.0,-5.0,nan,nan,nan,nan,nan
18.461613178253174,0.25506260991096497,0.4121220111846924,-3.9511852264404297,-0.207839551363335,0.001001119613647461,0.0,0.0,-5.0,nan,nan,nan,nan,nan
18.470367670059204,0.25506260991096497,0.4121220111846924,-3.9511852264404297,-0.207839551363335,0.0010237693786621094,0.0,0.0,-5.0,nan,nan,nan,nan,nan
18.48042917251587,0.25506260991096497,0.4121220111846924,-3.9511852264404297,-0.207839551363335,0.0019693374633789062,0.0,0.0,-5.0,nan,nan,nan,nan,nan
18.4904522895813,0.2619597315788269,0.4199365973472595,-3.950444221496582,-0.1999909001675893,0.0017800331115722656,0.0,0.0,-5.0,nan,nan,nan,nan,nan
18.500717163085938,0.2619597315788269,0.4199365973472595,-3.950444221496582,-0.1999909001675893,0.0010972023010253906,0.0,0.0,-5.0,nan,nan,nan,nan,nan
18.5114643573761,0.27794474363327026,0.4374830722808838,-3.9483518600463867,-0.17986806607743108,0.001071929931640625,0.0,0.0,-5.0,nan,nan,nan,nan,nan
18.520477294921875,0.27794474363327026,0.4374830722808838,-3.9483518600463867,-0.17986806607743108,0.0017638206481933594,0.0,0.0,-5.0,nan,nan,nan,nan,nan
18.530473470687866,0.27794474363327026,0.4374830722808838,-3.9483518600463867,-0.17986806607743108,0.0016863346099853516,0.0,0.0,-5.0,nan,nan,nan,nan,nan
18.54041838645935,0.2867879271507263,0.44691112637519836,-3.946971893310547,-0.1675961547199913,0.0017893314361572266,0.0,0.0,-5.0,nan,nan,nan,nan,nan
18.5504949092865,0.2867879271507263,0.44691112637519836,-3.946971893310547,-0.1675961547199913,0.001718759536743164,0.0,0.0,-5.0,nan,nan,nan,nan,nan
18.562095880508423,0.29502788186073303,0.4553441107273102,-3.945517063140869,-0.15522414801437606,0.0010898113250732422,0.0,0.0,-5.0,nan,nan,nan,nan,nan
18.570404529571533,0.29502788186073303,0.4553441107273102,-3.945517063140869,-0.15522414801437606,0.0010902881622314453,0.0,0.0,-5.0,nan,nan,nan,nan,nan
18.58033299446106,0.29502788186073303,0.4553441107273102,-3.945517063140869,-0.15522414801437606,0.0011136531829833984,0.0,0.0,-5.0,nan,nan,nan,nan,nan
18.59037947654724,0.3002086281776428,0.46049612760543823,-3.9445080757141113,-0.14712572941864768,0.0018849372863769531,0.0,0.0,-5.0,nan,nan,nan,nan,nan
18.60083317756653,0.3002086281776428,0.46049612760543823,-3.9445080757141113,-0.14712572941864768,0.0016558170318603516,0.0,0.0,-5.0,nan,nan,nan,nan,nan
18.611713409423828,0.3096647262573242,0.46962770819664,-3.942399024963379,-0.13100014106242458,0.0008103847503662109,0.0,0.0,-5.0,nan,nan,nan,nan,nan
18.620251178741455,0.3096647262573242,0.46962770819664,-3.942399024963379,-0.13100014106242458,0.0007145404815673828,0.0,0.0,-5.0,nan,nan,nan,nan,nan
18.630647659301758,0.3096647262573242,0.46962770819664,-3.942399024963379,-0.13100014106242458,0.0012178421020507812,0.0,0.0,-5.0,nan,nan,nan,nan,nan
18.640303373336792,0.3139798045158386,0.4736082851886749,-3.9412903785705566,-0.12300946827863062,0.0011386871337890625,0.0,0.0,-5.0,nan,nan,nan,nan,nan
18.650437593460083,0.3139798045158386,0.4736082851886749,-3.9412903785705566,-0.12300946827863062,0.0010941028594970703,0.0,0.0,-5.0,nan,nan,nan,nan,nan
18.66138219833374,0.3217169940471649,0.48040273785591125,-3.9389700889587402,-0.10767260208255265,0.0011873245239257812,0.0,0.0,-5.0,nan,nan,nan,nan,nan
18.67029309272766,0.3217169940471649,0.48040273785591125,-3.9389700889587402,-0.10767260208255265,0.0008869171142578125,0.0,0.0,-5.0,nan,nan,nan,nan,nan
18.680295944213867,0.3217169940471649,0.48040273785591125,-3.9389700889587402,-0.10767260208255265,0.0007832050323486328,0.0,0.0,-5.0,nan,nan,nan,nan,nan
18.690593004226685,0.3268294930458069,0.48463675379753113,-3.9371747970581055,-0.09649400328482682,0.0011136531829833984,0.0,0.0,-5.0,nan,nan,nan,nan,nan
18.70087957382202,0.3268294930458069,0.48463675379753113,-3.9371747970581055,-0.09649400328482682,0.0016841888427734375,0.0,0.0,-5.0,nan,nan,nan,nan,nan
18.712229013442993,0.33139875531196594,0.488046258687973,-3.935338020324707,-0.08575310665678706,0.0016622543334960938,0.0,0.0,-5.0,nan,nan,nan,nan,nan
18.720462799072266,0.33139875531196594,0.488046258687973,-3.935338020324707,-0.08575310665678706,0.001687765121459961,0.0,0.0,-5.0,nan,nan,nan,nan,nan
18.730469703674316,0.33139875531196594,0.488046258687973,-3.935338020324707,-0.08575310665678706,0.0018436908721923828,0.0,0.0,-5.0,nan,nan,nan,nan,nan
18.740549087524414,0.33529365062713623,0.49051183462142944,-3.933462619781494,-0.07559835682031413,0.0018296241760253906,0.0,0.0,-5.0,nan,nan,nan,nan,nan
18.75047755241394,0.33529365062713623,0.49051183462142944,-3.933462619781494,-0.07559835682031413,0.0018415451049804688,0.0,0.0,-5.0,nan,nan,nan,nan,nan
18.762009143829346,0.33858874440193176,0.4922184944152832,-3.931570053100586,-0.065870879988811,0.0017323493957519531,0.0,0.0,-5.0,nan,nan,nan,nan,nan
18.77037501335144,0.33858874440193176,0.4922184944152832,-3.931570053100586,-0.065870879988811,0.0016200542449951172,0.0,0.0,-5.0,nan,nan,nan,nan,nan
18.780526161193848,0.33858874440193176,0.4922184944152832,-3.931570053100586,-0.065870879988811,0.0017287731170654297,0.0,0.0,-5.0,nan,nan,nan,nan,nan
18.790492296218872,0.3413802981376648,0.49316713213920593,-3.9296765327453613,-0.05672331223801451,0.0018742084503173828,0.0,0.0,-5.0,nan,nan,nan,nan,nan
18.80060839653015,0.3413802981376648,0.49316713213920593,-3.9296765327453613,-0.05672331223801451,0.0007505416870117188,0.0,0.0,-5.0,nan,nan,nan,nan,nan
18.81101703643799,0.34418466687202454,0.4932354688644409,-3.927133560180664,-0.04562492132191646,0.0007810592651367188,0.0,0.0,-5.0,nan,nan,nan,nan,nan
18.820629596710205,0.34418466687202454,0.4932354688644409,-3.927133560180664,-0.04562492132191646,0.001369476318359375,0.0,0.0,-5.0,nan,nan,nan,nan,nan
18.83031463623047,0.34418466687202454,0.4932354688644409,-3.927133560180664,-0.04562492132191646,0.001032114028930664,0.0,0.0,-5.0,nan,nan,nan,nan,nan
18.840317487716675,0.3451758027076721,0.4927693009376526,-3.9258713722229004,-0.040408303873315475,0.001074075698852539,0.0,0.0,-5.0,nan,nan,nan,nan,nan
18.850342273712158,0.3451758027076721,0.4927693009376526,-3.9258713722229004,-0.040408303873315475,0.000904083251953125,0.0,0.0,-5.0,nan,nan,nan,nan,nan
18.86186194419861,0.34653782844543457,0.4908340275287628,-3.92336368560791,-0.0309635090861647,0.0010716915130615234,0.0,0.0,-5.0,nan,nan,nan,nan,nan
18.870306491851807,0.34653782844543457,0.4908340275287628,-3.92336368560791,-0.0309635090861647,0.0010349750518798828,0.0,0.0,-5.0,nan,nan,nan,nan,nan
18.880381107330322,0.34653782844543457,0.4908340275287628,-3.92336368560791,-0.0309635090861647,0.0019049644470214844,0.0,0.0,-5.0,nan,nan,nan,nan,nan
18.8904550075531,0.34690341353416443,0.4885546565055847,-3.921508312225342,-0.024691117448310006,0.0018012523651123047,0.0,0.0,-5.0,nan,nan,nan,nan,nan
18.900872707366943,0.34690341353416443,0.4885546565055847,-3.921508312225342,-0.024691117448310006,0.0018186569213867188,0.0,0.0,-5.0,nan,nan,nan,nan,nan
18.911246299743652,0.34676694869995117,0.48566627502441406,-3.919693946838379,-0.01896644180927432,0.0015587806701660156,0.0,0.0,-5.0,nan,nan,nan,nan,nan
18.92054009437561,0.34676694869995117,0.48566627502441406,-3.919693946838379,-0.01896644180927432,0.0018720626831054688,0.0,0.0,-5.0,nan,nan,nan,nan,nan
18.93036723136902,0.34676694869995117,0.48566627502441406,-3.919693946838379,-0.01896644180927432,0.0008540153503417969,0.0,0.0,-5.0,nan,nan,nan,nan,nan
18.940552234649658,0.34617698192596436,0.48220011591911316,-3.917941093444824,-0.014227875741137493,0.0020596981048583984,0.0,0.0,-5.0,nan,nan,nan,nan,nan
18.950472831726074,0.34617698192596436,0.48220011591911316,-3.917941093444824,-0.014227875741137493,0.0011715888977050781,0.0,0.0,-5.0,nan,nan,nan,nan,nan
18.961990356445312,0.34462255239486694,0.4767943322658539,-3.915710926055908,-0.008703998987730312,0.0012123584747314453,0.0,0.0,-5.0,nan,nan,nan,nan,nan
18.97061514854431,0.34462255239486694,0.4767943322658539,-3.915710926055908,-0.008703998987730312,0.0018913745880126953,0.0,0.0,-5.0,nan,nan,nan,nan,nan
18.98050355911255,0.34462255239486694,0.4767943322658539,-3.915710926055908,-0.008703998987730312,0.0019342899322509766,0.0,0.0,-5.0,nan,nan,nan,nan,nan
18.990538597106934,0.34355634450912476,0.47372645139694214,-3.914635181427002,-0.0062756374772334755,0.0014522075653076172,0.0,0.0,-5.0,nan,nan,nan,nan,nan
19.00060224533081,0.34355634450912476,0.47372645139694214,-3.914635181427002,-0.0062756374772334755,0.0009741783142089844,0.0,0.0,-5.0,nan,nan,nan,nan,nan
19.01149821281433,0.3416498601436615,0.468728244304657,-3.9130659103393555,-0.0034924088030334616,0.0010623931884765625,0.0,0.0,-5.0,nan,nan,nan,nan,nan
19.02029585838318,0.3416498601436615,0.468728244304657,-3.9130659103393555,-0.0034924088030334616,0.0010268688201904297,0.0,0.0,-5.0,nan,nan,nan,nan,nan
19.030512809753418,0.3416498601436615,0.468728244304657,-3.9130659103393555,-0.0034924088030334616,0.0017175674438476562,0.0,0.0,-5.0,nan,nan,nan,nan,nan
19.040289402008057,0.33921733498573303,0.46319931745529175,-3.9115662574768066,-0.0011834911519736022,0.0008840560913085938,0.0,0.0,-5.0,nan,nan,nan,nan,nan
19.05036497116089,0.33921733498573303,0.46319931745529175,-3.9115662574768066,-0.0011834911519736022,0.0011429786682128906,0.0,0.0,-5.0,nan,nan,nan,nan,nan
19.06123375892639,0.33538195490837097,0.45519906282424927,-3.9098048210144043,0.001051600718539214,0.0014309883117675781,0.0,0.0,-5.0,nan,nan,nan,nan,nan
19.070533990859985,0.33538195490837097,0.45519906282424927,-3.9098048210144043,0.001051600718539214,0.0018472671508789062,0.0,0.0,-5.0,nan,nan,nan,nan,nan
19.080488920211792,0.33538195490837097,0.45519906282424927,-3.9098048210144043,0.001051600718539214,0.001085042953491211,0.0,0.0,-5.0,nan,nan,nan,nan,nan
19.09028673171997,0.33320704102516174,0.4509281814098358,-3.9089903831481934,0.0016779948883750492,0.0018684864044189453,0.0,0.0,-5.0,nan,nan,nan,nan,nan
19.10050678253174,0.33320704102516174,0.4509281814098358,-3.9089903831481934,0.0016779948883750492,0.0007441043853759766,0.0,0.0,-5.0,nan,nan,nan,nan,nan
19.111565113067627,0.3296232521533966,0.44425511360168457,-3.907841205596924,0.002269171789367537,0.0010979175567626953,0.0,0.0,-5.0,nan,nan,nan,nan,nan
19.12028670310974,0.3296232521533966,0.44425511360168457,-3.907841205596924,0.002269171789367537,0.0009696483612060547,0.0,0.0,-5.0,nan,nan,nan,nan,nan
19.13038730621338,0.3296232521533966,0.44425511360168457,-3.907841205596924,0.002269171789367537,0.0011272430419921875,0.0,0.0,-5.0,nan,nan,nan,nan,nan
19.140316009521484,0.3243187665939331,0.43483227491378784,-3.906456470489502,0.002385019975361901,0.0011365413665771484,0.0,0.0,-5.0,nan,nan,nan,nan,nan
19.15031099319458,0.3243187665939331,0.43483227491378784,-3.906456470489502,0.002385019975361901,0.0011162757873535156,0.0,0.0,-5.0,nan,nan,nan,nan,nan
19.161370754241943,0.3214121460914612,0.42990735173225403,-3.9058284759521484,0.002033931860554103,0.0010237693786621094,0.0,0.0,-5.0,nan,nan,nan,nan,nan
19.17037272453308,0.3214121460914612,0.42990735173225403,-3.9058284759521484,0.002033931860554103,0.0011653900146484375,0.0,0.0,-5.0,nan,nan,nan,nan,nan
19.18032193183899,0.3214121460914612,0.42990735173225403,-3.9058284759521484,0.002033931860554103,0.0010826587677001953,0.0,0.0,-5.0,nan,nan,nan,nan,nan
19.190359592437744,0.3152112364768982,0.419795423746109,-3.904625415802002,0.0009177076356567705,0.0013012886047363281,0.0,0.0,-5.0,nan,nan,nan,nan,nan
19.20059633255005,0.3152112364768982,0.419795423746109,-3.904625415802002,0.0009177076356567705,0.0009541511535644531,0.0,0.0,-5.0,nan,nan,nan,nan,nan
19.21134305000305,0.3103320002555847,0.41198524832725525,-3.9037885665893555,-0.00045502837616815187,0.0011060237884521484,0.0,0.0,-5.0,nan,nan,nan,nan,nan
19.220351696014404,0.3103320002555847,0.41198524832725525,-3.9037885665893555,-0.00045502837616815187,0.0011196136474609375,0.0,0.0,-5.0,nan,nan,nan,nan,nan
19.230371952056885,0.3103320002555847,0.41198524832725525,-3.9037885665893555,-0.00045502837616815187,0.0010535717010498047,0.0,0.0,-5.0,nan,nan,nan,nan,nan
19.240272760391235,0.3051319420337677,0.40393468737602234,-3.9029793739318848,-0.0021545458312123913,0.0012373924255371094,0.0,0.0,-5.0,nan,nan,nan,nan,nan
19.250541925430298,0.3051319420337677,0.40393468737602234,-3.9029793739318848,-0.0021545458312123913,0.0018839836120605469,0.0,0.0,-5.0,nan,nan,nan,nan,nan
19.26192045211792,0.29970574378967285,0.39572176337242126,-3.902195453643799,-0.004034134153638996,0.0010695457458496094,0.0,0.0,-5.0,nan,nan,nan,nan,nan
19.270355463027954,0.29970574378967285,0.39572176337242126,-3.902195453643799,-0.004034134153638996,0.0011005401611328125,0.0,0.0,-5.0,nan,nan,nan,nan,nan
19.280348539352417,0.29970574378967285,0.39572176337242126,-3.902195453643799,-0.004034134153638996,0.0011627674102783203,0.0,0.0,-5.0,nan,nan,nan,nan,nan
19.290275812149048,0.2922227680683136,0.38454052805900574,-3.901181221008301,-0.007041075593815099,0.001898050308227539,0.0,0.0,-5.0,nan,nan,nan,nan,nan
19.300918579101562,0.2922227680683136,0.38454052805900574,-3.901181221008301,-0.007041075593815099,0.0018901824951171875,0.0,0.0,-5.0,nan,nan,nan,nan,nan
19.312012672424316,0.28836148977279663,0.37889841198921204,-3.9006905555725098,-0.008660550262466527,0.0017747879028320312,0.0,0.0,-5.0,nan,nan,nan,nan,nan
19.320382118225098,0.28836148977279663,0.37889841198921204,-3.9006905555725098,-0.008660550262466527,0.0016379356384277344,0.0,0.0,-5.0,nan,nan,nan,nan,nan
19.330418825149536,0.28836148977279663,0.37889841198921204,-3.9006905555725098,-0.008660550262466527,0.00119781494140625,0.0,0.0,-5.0,nan,nan,nan,nan,nan
19.340288877487183,0.28239700198173523,0.37037691473960876,-3.8999481201171875,-0.011137875838494935,0.0010457038879394531,0.0,0.0,-5.0,nan,nan,nan,nan,nan
19.35032558441162,0.28239700198173523,0.37037691473960876,-3.8999481201171875,-0.011137875838494935,0.0008544921875,0.0,0.0,-5.0,nan,nan,nan,nan,nan
19.36137056350708,0.2763117253780365,0.36179354786872864,-3.899200439453125,-0.013818034609590451,0.001985788345336914,0.0,0.0,-5.0,nan,nan,nan,nan,nan
19.37050151824951,0.2763117253780365,0.36179354786872864,-3.899200439453125,-0.013818034609590451,0.0017123222351074219,0.0,0.0,-5.0,nan,nan,nan,nan,nan
19.380531311035156,0.2763117253780365,0.36179354786872864,-3.899200439453125,-0.013818034609590451,0.0018835067749023438,0.0,0.0,-5.0,nan,nan,nan,nan,nan
19.39046287536621,0.2679516077041626,0.350317120552063,-3.8982481956481934,-0.017493442456384987,0.0011889934539794922,0.0,0.0,-5.0,nan,nan,nan,nan,nan
19.400829553604126,0.2679516077041626,0.350317120552063,-3.8982481956481934,-0.017493442456384987,0.0016973018646240234,0.0,0.0,-5.0,nan,nan,nan,nan,nan
19.412309169769287,0.2636902928352356,0.3445773124694824,-3.8978214263916016,-0.019316515194437032,0.001071929931640625,0.0,0.0,-5.0,nan,nan,nan,nan,nan
19.420363903045654,0.2636902928352356,0.3445773124694824,-3.8978214263916016,-0.019316515194437032,0.0010318756103515625,0.0,0.0,-5.0,nan,nan,nan,nan,nan
19.43042540550232,0.2636902928352356,0.3445773124694824,-3.8978214263916016,-0.019316515194437032,0.0016982555389404297,0.0,0.0,-5.0,nan,nan,nan,nan,nan
19.44032597541809,0.2571822702884674,0.3359033167362213,-3.8972654342651367,-0.022118271445405048,0.0017936229705810547,0.0,0.0,-5.0,nan,nan,nan,nan,nan
19.450496912002563,0.2571822702884674,0.3359033167362213,-3.8972654342651367,-0.022118271445405048,0.0018093585968017578,0.0,0.0,-5.0,nan,nan,nan,nan,nan
19.461975812911987,0.24832122027873993,0.3243117928504944,-3.8966312408447266,-0.025846330882165834,0.0018570423126220703,0.0,0.0,-5.0,nan,nan,nan,nan,nan
19.470303058624268,0.24832122027873993,0.3243117928504944,-3.8966312408447266,-0.025846330882165834,0.0017075538635253906,0.0,0.0,-5.0,nan,nan,nan,nan,nan
19.480584383010864,0.24832122027873993,0.3243117928504944,-3.8966312408447266,-0.025846330882165834,0.0020623207092285156,0.0,0.0,-5.0,nan,nan,nan,nan,nan
19.490461826324463,0.24160946905612946,0.31562092900276184,-3.896223545074463,-0.028556477560300775,0.0018382072448730469,0.0,0.0,-5.0,nan,nan,nan,nan,nan
19.500659942626953,0.24160946905612946,0.31562092900276184,-3.896223545074463,-0.028556477560300775,0.0009965896606445312,0.0,0.0,-5.0,nan,nan,nan,nan,nan
19.511838674545288,0.2348543256521225,0.30694612860679626,-3.895871639251709,-0.031225476800051867,0.0018100738525390625,0.0,0.0,-5.0,nan,nan,nan,nan,nan
19.5204336643219,0.2348543256521225,0.30694612860679626,-3.895871639251709,-0.031225476800051867,0.0016770362854003906,0.0,0.0,-5.0,nan,nan,nan,nan,nan
19.53043794631958,0.2348543256521225,0.30694612860679626,-3.895871639251709,-0.031225476800051867,0.0017206668853759766,0.0,0.0,-5.0,nan,nan,nan,nan,nan
19.540342569351196,0.22810348868370056,0.2982962131500244,-3.8956313133239746,-0.03373907348319059,0.000885009765625,0.0,0.0,-5.0,nan,nan,nan,nan,nan
19.5502712726593,0.22810348868370056,0.2982962131500244,-3.8956313133239746,-0.03373907348319059,0.0007758140563964844,0.0,0.0,-5.0,nan,nan,nan,nan,nan
19.561007738113403,0.22135451436042786,0.2897023558616638,-3.895477771759033,-0.036125761100750414,0.0007915496826171875,0.0,0.0,-5.0,nan,nan,nan,nan,nan
19.570286750793457,0.22135451436042786,0.2897023558616638,-3.895477771759033,-0.036125761100750414,0.0007739067077636719,0.0,0.0,-5.0,nan,nan,nan,nan,nan
19.580284595489502,0.22135451436042786,0.2897023558616638,-3.895477771759033,-0.036125761100750414,0.0007948875427246094,0.0,0.0,-5.0,nan,nan,nan,nan,nan
19.590307235717773,0.21460629999637604,0.28116947412490845,-3.8953967094421387,-0.038380163543161046,0.0010864734649658203,0.0,0.0,-5.0,nan,nan,nan,nan,nan
19.60089111328125,0.21460629999637604,0.28116947412490845,-3.8953967094421387,-0.038380163543161046,0.0009448528289794922,0.0,0.0,-5.0,nan,nan,nan,nan,nan
19.6109721660614,0.20562151074409485,0.269903302192688,-3.895401954650879,-0.04109159203572152,0.000774383544921875,0.0,0.0,-5.0,nan,nan,nan,nan,nan
19.620705127716064,0.20562151074409485,0.269903302192688,-3.895401954650879,-0.04109159203572152,0.0020029544830322266,0.0,0.0,-5.0,nan,nan,nan,nan,nan
19.630444049835205,0.20562151074409485,0.269903302192688,-3.895401954650879,-0.04109159203572152,0.0017385482788085938,0.0,0.0,-5.0,nan,nan,nan,nan,nan
19.640356302261353,0.20115290582180023,0.26431605219841003,-3.895449161529541,-0.042343571364885646,0.0012021064758300781,0.0,0.0,-5.0,nan,nan,nan,nan,nan
19.650320053100586,0.20115290582180023,0.26431605219841003,-3.895449161529541,-0.042343571364885646,0.0009005069732666016,0.0,0.0,-5.0,nan,nan,nan,nan,nan
19.661269664764404,0.19227474927902222,0.25322818756103516,-3.8956103324890137,-0.0446005320556918,0.00091552734375,0.0,0.0,-5.0,nan,nan,nan,nan,nan
19.670313596725464,0.19227474927902222,0.25322818756103516,-3.8956103324890137,-0.0446005320556918,0.0008747577667236328,0.0,0.0,-5.0,nan,nan,nan,nan,nan
19.680344820022583,0.19227474927902222,0.25322818756103516,-3.8956103324890137,-0.0446005320556918,0.0009105205535888672,0.0,0.0,-5.0,nan,nan,nan,nan,nan
19.69039273262024,0.18787306547164917,0.2477281242609024,-3.8957104682922363,-0.045594796278661816,0.0009329319000244141,0.0,0.0,-5.0,nan,nan,nan,nan,nan
19.701014280319214,0.18787306547164917,0.2477281242609024,-3.8957104682922363,-0.045594796278661816,0.0018105506896972656,0.0,0.0,-5.0,nan,nan,nan,nan,nan
19.711995363235474,0.17916078865528107,0.23682236671447754,-3.8959460258483887,-0.04729407319886408,0.0018193721771240234,0.0,0.0,-5.0,nan,nan,nan,nan,nan
19.720421314239502,0.17916078865528107,0.23682236671447754,-3.8959460258483887,-0.04729407319886408,0.0016727447509765625,0.0,0.0,-5.0,nan,nan,nan,nan,nan
19.730566263198853,0.17916078865528107,0.23682236671447754,-3.8959460258483887,-0.04729407319886408,0.0018274784088134766,0.0,0.0,-5.0,nan,nan,nan,nan,nan
19.74037766456604,0.1727065145969391,0.228742316365242,-3.8961567878723145,-0.048339842982745296,0.001463174819946289,0.0,0.0,-5.0,nan,nan,nan,nan,nan
19.750442028045654,0.1727065145969391,0.228742316365242,-3.8961567878723145,-0.048339842982745296,0.0014603137969970703,0.0,0.0,-5.0,nan,nan,nan,nan,nan
19.76169443130493,0.16635216772556305,0.22073914110660553,-3.896394729614258,-0.04918520185702588,0.00101470947265625,0.0,0.0,-5.0,nan,nan,nan,nan,nan
19.77053427696228,0.16635216772556305,0.22073914110660553,-3.896394729614258,-0.04918520185702588,0.0018050670623779297,0.0,0.0,-5.0,nan,nan,nan,nan,nan
19.78053879737854,0.16635216772556305,0.22073914110660553,-3.896394729614258,-0.04918520185702588,0.0022330284118652344,0.0,0.0,-5.0,nan,nan,nan,nan,nan
19.790329217910767,0.1601080745458603,0.2128148376941681,-3.8966736793518066,-0.0497874571301451,0.0008816719055175781,0.0,0.0,-5.0,nan,nan,nan,nan,nan
19.80055284500122,0.1601080745458603,0.2128148376941681,-3.8966736793518066,-0.0497874571301451,0.0007803440093994141,0.0,0.0,-5.0,nan,nan,nan,nan,nan
19.812288522720337,0.1520126312971115,0.2024058848619461,-3.897092819213867,-0.05027925071538429,0.0016939640045166016,0.0,0.0,-5.0,nan,nan,nan,nan,nan
19.82048511505127,0.1520126312971115,0.2024058848619461,-3.897092819213867,-0.05027925071538429,0.0017859935760498047,0.0,0.0,-5.0,nan,nan,nan,nan,nan
19.830480575561523,0.1520126312971115,0.2024058848619461,-3.897092819213867,-0.05027925071538429,0.001712799072265625,0.0,0.0,-5.0,nan,nan,nan,nan,nan
19.840447664260864,0.14807558059692383,0.1972760409116745,-3.897329807281494,-0.05037968316630931,0.0017483234405517578,0.0,0.0,-5.0,nan,nan,nan,nan,nan
19.850494861602783,0.14807558059692383,0.1972760409116745,-3.897329807281494,-0.05037968316630931,0.0018506050109863281,0.0,0.0,-5.0,nan,nan,nan,nan,nan
19.861591815948486,0.14043059945106506,0.18718358874320984,-3.8978114128112793,-0.05027395888106849,0.0017952919006347656,0.0,0.0,-5.0,nan,nan,nan,nan,nan
19.870458364486694,0.14043059945106506,0.18718358874320984,-3.8978114128112793,-0.05027395888106849,0.0017635822296142578,0.0,0.0,-5.0,nan,nan,nan,nan,nan
19.88048243522644,0.14043059945106506,0.18718358874320984,-3.8978114128112793,-0.05027395888106849,0.001753091812133789,0.0,0.0,-5.0,nan,nan,nan,nan,nan
19.89046311378479,0.13671405613422394,0.18222162127494812,-3.89804744720459,-0.05010628277478993,0.0020110607147216797,0.0,0.0,-5.0,nan,nan,nan,nan,nan
19.90058732032776,0.13671405613422394,0.18222162127494812,-3.89804744720459,-0.05010628277478993,0.0007925033569335938,0.0,0.0,-5.0,nan,nan,nan,nan,nan
19.911875247955322,0.12946034967899323,0.17247778177261353,-3.898503303527832,-0.04950674489533461,0.0010075569152832031,0.0,0.0,-5.0,nan,nan,nan,nan,nan
19.9203360080719,0.12946034967899323,0.17247778177261353,-3.898503303527832,-0.04950674489533461,0.0008833408355712891,0.0,0.0,-5.0,nan,nan,nan,nan,nan
19.93030619621277,0.12946034967899323,0.17247778177261353,-3.898503303527832,-0.04950674489533461,0.0007541179656982422,0.0,0.0,-5.0,nan,nan,nan,nan,nan
19.94062089920044,0.1241394504904747,0.16533803939819336,-3.8988537788391113,-0.04886340964934195,0.0015172958374023438,0.0,0.0,-5.0,nan,nan,nan,nan,nan
19.95042061805725,0.1241394504904747,0.16533803939819336,-3.8988537788391113,-0.04886340964934195,0.0012118816375732422,0.0,0.0,-5.0,nan,nan,nan,nan,nan
19.961469650268555,0.1188998818397522,0.15840476751327515,-3.899228572845459,-0.0481037701820177,0.00115966796875,0.0,0.0,-5.0,nan,nan,nan,nan,nan
19.970354318618774,0.1188998818397522,0.15840476751327515,-3.899228572845459,-0.0481037701820177,0.0011518001556396484,0.0,0.0,-5.0,nan,nan,nan,nan,nan
19.980477809906006,0.1188998818397522,0.15840476751327515,-3.899228572845459,-0.0481037701820177,0.001714468002319336,0.0,0.0,-5.0,nan,nan,nan,nan,nan
19.990418910980225,0.1137189269065857,0.15161827206611633,-3.899609088897705,-0.04719396003742391,0.0013127326965332031,0.0,0.0,-5.0,nan,nan,nan,nan,nan
20.000656127929688,0.1137189269065857,0.15161827206611633,-3.899609088897705,-0.04719396003742391,0.0009851455688476562,0.0,0.0,-5.0,nan,nan,nan,nan,nan
20.01140594482422,0.10691160708665848,0.14275987446308136,-3.900125026702881,-0.04576576053058481,0.00119781494140625,0.0,0.0,-5.0,nan,nan,nan,nan,nan
20.020458936691284,0.10691160708665848,0.14275987446308136,-3.900125026702881,-0.04576576053058481,0.0012478828430175781,0.0,0.0,-5.0,nan,nan,nan,nan,nan
20.030698537826538,0.10691160708665848,0.14275987446308136,-3.900125026702881,-0.04576576053058481,0.0014171600341796875,0.0,0.0,-5.0,nan,nan,nan,nan,nan
20.040254831314087,0.10355483740568161,0.13843341171741486,-3.9003796577453613,-0.04500921910696785,0.0010302066802978516,0.0,0.0,-5.0,nan,nan,nan,nan,nan
20.050301790237427,0.10355483740568161,0.13843341171741486,-3.9003796577453613,-0.04500921910696785,0.0008466243743896484,0.0,0.0,-5.0,nan,nan,nan,nan,nan
20.06155037879944,0.0985720306634903,0.13203799724578857,-3.900747776031494,-0.04374454810487241,0.0008838176727294922,0.0,0.0,-5.0,nan,nan,nan,nan,nan
20.070324897766113,0.0985720306634903,0.13203799724578857,-3.900747776031494,-0.04374454810487241,0.0007925033569335938,0.0,0.0,-5.0,nan,nan,nan,nan,nan
20.080294132232666,0.0985720306634903,0.13203799724578857,-3.900747776031494,-0.04374454810487241,0.0017940998077392578,0.0,0.0,-5.0,nan,nan,nan,nan,nan
20.090415716171265,0.09366537630558014,0.12575961649417877,-3.9011011123657227,-0.042394302389575284,0.0017251968383789062,0.0,0.0,-5.0,nan,nan,nan,nan,nan
20.100789308547974,0.09366537630558014,0.12575961649417877,-3.9011011123657227,-0.042394302389575284,0.0016391277313232422,0.0,0.0,-5.0,nan,nan,nan,nan,nan
20.112046003341675,0.08725622296333313,0.1175919622182846,-3.9015626907348633,-0.04056045002235135,0.0012099742889404297,0.0,0.0,-5.0,nan,nan,nan,nan,nan
20.120434999465942,0.08725622296333313,0.1175919622182846,-3.9015626907348633,-0.04056045002235135,0.001749277114868164,0.0,0.0,-5.0,nan,nan,nan,nan,nan
20.13034439086914,0.08725622296333313,0.1175919622182846,-3.9015626907348633,-0.04056045002235135,0.0010762214660644531,0.0,0.0,-5.0,nan,nan,nan,nan,nan
20.14045810699463,0.08254971355199814,0.11159560084342957,-3.901932716369629,-0.039043787312814084,0.0019996166229248047,0.0,0.0,-5.0,nan,nan,nan,nan,nan
20.15050506591797,0.08254971355199814,0.11159560084342957,-3.901932716369629,-0.039043787312814084,0.0017476081848144531,0.0,0.0,-5.0,nan,nan,nan,nan,nan
20.162065505981445,0.07948178052902222,0.10771670937538147,-3.9021739959716797,-0.03802605997310756,0.0017201900482177734,0.0,0.0,-5.0,nan,nan,nan,nan,nan
20.170374870300293,0.07948178052902222,0.10771670937538147,-3.9021739959716797,-0.03802605997310756,0.0008494853973388672,0.0,0.0,-5.0,nan,nan,nan,nan,nan
20.180267572402954,0.07948178052902222,0.10771670937538147,-3.9021739959716797,-0.03802605997310756,0.0007534027099609375,0.0,0.0,-5.0,nan,nan,nan,nan,nan
20.190544843673706,0.07349307835102081,0.10009930282831192,-3.902674674987793,-0.035989997263666515,0.0017130374908447266,0.0,0.0,-5.0,nan,nan,nan,nan,nan
20.200627326965332,0.07349307835102081,0.10009930282831192,-3.902674674987793,-0.035989997263666515,0.0014925003051757812,0.0,0.0,-5.0,nan,nan,nan,nan,nan
20.212146759033203,0.06914109736680984,0.0945299044251442,-3.9031009674072266,-0.03436623546959646,0.0016932487487792969,0.0,0.0,-5.0,nan,nan,nan,nan,nan
20.220438480377197,0.06914109736680984,0.0945299044251442,-3.9031009674072266,-0.03436623546959646,0.0017352104187011719,0.0,0.0,-5.0,nan,nan,nan,nan,nan
20.230611085891724,0.06914109736680984,0.0945299044251442,-3.9031009674072266,-0.03436623546959646,0.0011031627655029297,0.0,0.0,-5.0,nan,nan,nan,nan,nan
20.240221738815308,0.06490511447191238,0.08907961845397949,-3.9035305976867676,-0.032767709032132,0.0007989406585693359,0.0,0.0,-5.0,nan,nan,nan,nan,nan
20.25043511390686,0.06490511447191238,0.08907961845397949,-3.9035305976867676,-0.032767709032132,0.0016388893127441406,0.0,0.0,-5.0,nan,nan,nan,nan,nan
20.26219868659973,0.060817647725343704,0.08377660065889359,-3.903986930847168,-0.03120243608577814,0.0012280941009521484,0.0,0.0,-5.0,nan,nan,nan,nan,nan
20.270574808120728,0.060817647725343704,0.08377660065889359,-3.903986930847168,-0.03120243608577814,0.0017697811126708984,0.0,0.0,-5.0,nan,nan,nan,nan,nan
20.280656576156616,0.060817647725343704,0.08377660065889359,-3.903986930847168,-0.03120243608577814,0.0019631385803222656,0.0,0.0,-5.0,nan,nan,nan,nan,nan
20.29037070274353,0.056826625019311905,0.07854610681533813,-3.904465675354004,-0.029575535242237036,0.0018358230590820312,0.0,0.0,-5.0,nan,nan,nan,nan,nan
20.300750732421875,0.056826625019311905,0.07854610681533813,-3.904465675354004,-0.029575535242237036,0.0015687942504882812,0.0,0.0,-5.0,nan,nan,nan,nan,nan
20.312429189682007,0.05297356843948364,0.07343427836894989,-3.9049649238586426,-0.027999870692609244,0.0016765594482421875,0.0,0.0,-5.0,nan,nan,nan,nan,nan
20.320385217666626,0.05297356843948364,0.07343427836894989,-3.9049649238586426,-0.027999870692609244,0.0010979175567626953,0.0,0.0,-5.0,nan,nan,nan,nan,nan
20.33045244216919,0.05297356843948364,0.07343427836894989,-3.9049649238586426,-0.027999870692609244,0.001004934310913086,0.0,0.0,-5.0,nan,nan,nan,nan,nan
20.34039855003357,0.04804625362157822,0.06687851250171661,-3.9055891036987305,-0.025903750986668632,0.0017323493957519531,0.0,0.0,-5.0,nan,nan,nan,nan,nan
20.350393533706665,0.04804625362157822,0.06687851250171661,-3.9055891036987305,-0.025903750986668632,0.0016617774963378906,0.0,0.0,-5.0,nan,nan,nan,nan,nan
20.361045837402344,0.04568060487508774,0.06371428072452545,-3.905890941619873,-0.024860909006370276,0.0007913112640380859,0.0,0.0,-5.0,nan,nan,nan,nan,nan
20.370250940322876,0.04568060487508774,0.06371428072452545,-3.905890941619873,-0.024860909006370276,0.0008711814880371094,0.0,0.0,-5.0,nan,nan,nan,nan,nan
20.380334854125977,0.04568060487508774,0.06371428072452545,-3.905890941619873,-0.024860909006370276,0.002017974853515625,0.0,0.0,-5.0,nan,nan,nan,nan,nan
20.390328407287598,0.04107467830181122,0.05753941833972931,-3.9064583778381348,-0.0228795612941832,0.0011780261993408203,0.0,0.0,-5.0,nan,nan,nan,nan,nan
20.400800466537476,0.04107467830181122,0.05753941833972931,-3.9064583778381348,-0.0228795612941832,0.0016176700592041016,0.0,0.0,-5.0,nan,nan,nan,nan,nan
20.41230535507202,0.03774864599108696,0.05305791646242142,-3.906853675842285,-0.02140950240819514,0.0017392635345458984,0.0,0.0,-5.0,nan,nan,nan,nan,nan
20.42047905921936,0.03774864599108696,0.05305791646242142,-3.906853675842285,-0.02140950240819514,0.0017745494842529297,0.0,0.0,-5.0,nan,nan,nan,nan,nan
20.43054461479187,0.03774864599108696,0.05305791646242142,-3.906853675842285,-0.02140950240819514,0.0020165443420410156,0.0,0.0,-5.0,nan,nan,nan,nan,nan
20.440279245376587,0.034536559134721756,0.04869341105222702,-3.907245635986328,-0.02001351947948926,0.0008237361907958984,0.0,0.0,-5.0,nan,nan,nan,nan,nan
20.450254201889038,0.034536559134721756,0.04869341105222702,-3.907245635986328,-0.02001351947948926,0.0007638931274414062,0.0,0.0,-5.0,nan,nan,nan,nan,nan
20.46098494529724,0.03145046532154083,0.044439539313316345,-3.907656192779541,-0.018684034123084774,0.0007565021514892578,0.0,0.0,-5.0,nan,nan,nan,nan,nan
20.470308780670166,0.03145046532154083,0.044439539313316345,-3.907656192779541,-0.018684034123084774,0.0008161067962646484,0.0,0.0,-5.0,nan,nan,nan,nan,nan
20.4802725315094,0.03145046532154083,0.044439539313316345,-3.907656192779541,-0.018684034123084774,0.0007932186126708984,0.0,0.0,-5.0,nan,nan,nan,nan,nan
20.490371465682983,0.028444672003388405,0.04024220257997513,-3.9080514907836914,-0.017382708986885802,0.0012476444244384766,0.0,0.0,-5.0,nan,nan,nan,nan,nan
20.500872373580933,0.028444672003388405,0.04024220257997513,-3.9080514907836914,-0.017382708986885802,0.0007777214050292969,0.0,0.0,-5.0,nan,nan,nan,nan,nan
20.51103663444519,0.025513967499136925,0.036111727356910706,-3.908463478088379,-0.016128145139624878,0.0007994174957275391,0.0,0.0,-5.0,nan,nan,nan,nan,nan
20.52034068107605,0.025513967499136925,0.036111727356910706,-3.908463478088379,-0.016128145139624878,0.0009243488311767578,0.0,0.0,-5.0,nan,nan,nan,nan,nan
20.530275344848633,0.025513967499136925,0.036111727356910706,-3.908463478088379,-0.016128145139624878,0.0007634162902832031,0.0,0.0,-5.0,nan,nan,nan,nan,nan
20.540528774261475,0.022646170109510422,0.03204799070954323,-3.9088659286499023,-0.014979115891103276,0.0018012523651123047,0.0,0.0,-5.0,nan,nan,nan,nan,nan
20.550402641296387,0.022646170109510422,0.03204799070954323,-3.9088659286499023,-0.014979115891103276,0.0011415481567382812,0.0,0.0,-5.0,nan,nan,nan,nan,nan
20.562600135803223,0.019846122711896896,0.028037069365382195,-3.9092555046081543,-0.013861210947094391,0.0011072158813476562,0.0,0.0,-5.0,nan,nan,nan,nan,nan
20.57034969329834,0.019846122711896896,0.028037069365382195,-3.9092555046081543,-0.013861210947094391,0.0011348724365234375,0.0,0.0,-5.0,nan,nan,nan,nan,nan
20.58038306236267,0.019846122711896896,0.028037069365382195,-3.9092555046081543,-0.013861210947094391,0.0012593269348144531,0.0,0.0,-5.0,nan,nan,nan,nan,nan
20.590203762054443,0.017119502648711205,0.024097705259919167,-3.909630298614502,-0.012821229026234783,0.0008344650268554688,0.0,0.0,-5.0,nan,nan,nan,nan,nan
20.600414037704468,0.017119502648711205,0.024097705259919167,-3.909630298614502,-0.012821229026234783,0.0006585121154785156,0.0,0.0,-5.0,nan,nan,nan,nan,nan
20.610251426696777,0.017119502648711205,0.024097705259919167,-3.909630298614502,-0.012821229026234783,0.0008656978607177734,0.0,0.0,-5.0,nan,nan,nan,nan,nan
20.620248079299927,0.014460775069892406,0.020229874178767204,-3.9100170135498047,-0.011888855465442804,0.0007836818695068359,0.0,0.0,-5.0,nan,nan,nan,nan,nan
20.630306005477905,0.014460775069892406,0.020229874178767204,-3.9100170135498047,-0.011888855465442804,0.0012137889862060547,0.0,0.0,-5.0,nan,nan,nan,nan,nan
20.640446424484253,0.011061416938900948,0.015209960751235485,-3.9106287956237793,-0.01066883737591727,0.0018420219421386719,0.0,0.0,-5.0,nan,nan,nan,nan,nan
20.65042519569397,0.011061416938900948,0.015209960751235485,-3.9106287956237793,-0.01066883737591727,0.0016312599182128906,0.0,0.0,-5.0,nan,nan,nan,nan,nan
20.662272691726685,0.009418318048119545,0.012783492915332317,-3.9109559059143066,-0.010134887197005765,0.001735687255859375,0.0,0.0,-5.0,nan,nan,nan,nan,nan
20.670528173446655,0.009418318048119545,0.012783492915332317,-3.9109559059143066,-0.010134887197005765,0.0011866092681884766,0.0,0.0,-5.0,nan,nan,nan,nan,nan
20.680360078811646,0.009418318048119545,0.012783492915332317,-3.9109559059143066,-0.010134887197005765,0.001969575881958008,0.0,0.0,-5.0,nan,nan,nan,nan,nan
20.690471172332764,0.0069855754263699055,0.009200210683047771,-3.9114699363708496,-0.00940165158368154,0.0017657279968261719,0.0,0.0,-5.0,nan,nan,nan,nan,nan
20.700783252716064,0.0069855754263699055,0.009200210683047771,-3.9114699363708496,-0.00940165158368154,0.0016412734985351562,0.0,0.0,-5.0,nan,nan,nan,nan,nan
20.71192717552185,0.003817278426140547,0.00459226593375206,-3.912210464477539,-0.008484321326642924,0.0016508102416992188,0.0,0.0,-5.0,nan,nan,nan,nan,nan
20.720482110977173,0.003817278426140547,0.00459226593375206,-3.912210464477539,-0.008484321326642924,0.0017366409301757812,0.0,0.0,-5.0,nan,nan,nan,nan,nan
20.73044228553772,0.003817278426140547,0.00459226593375206,-3.912210464477539,-0.008484321326642924,0.0012638568878173828,0.0,0.0,-5.0,nan,nan,nan,nan,nan
20.740286350250244,0.0022700042463839054,0.0023737780284136534,-3.912593364715576,-0.008083482095198984,0.0009930133819580078,0.0,0.0,-5.0,nan,nan,nan,nan,nan
20.75053882598877,0.0022700042463839054,0.0023737780284136534,-3.912593364715576,-0.008083482095198984,0.0019373893737792969,0.0,0.0,-5.0,nan,nan,nan,nan,nan
20.762004137039185,-0.0007504818495362997,-0.0018925918266177177,-3.9134435653686523,-0.0074178652997420194,0.0018358230590820312,0.0,0.0,-5.0,nan,nan,nan,nan,nan
20.770535469055176,-0.0007504818495362997,-0.0018925918266177177,-3.9134435653686523,-0.0074178652997420194,0.0018243789672851562,0.0,0.0,-5.0,nan,nan,nan,nan,nan
20.78055238723755,-0.0007504818495362997,-0.0018925918266177177,-3.9134435653686523,-0.0074178652997420194,0.0019233226776123047,0.0,0.0,-5.0,nan,nan,nan,nan,nan
20.790345191955566,-0.002978493692353368,-0.004946986213326454,-3.914088249206543,-0.006957678592563018,0.0017011165618896484,0.0,0.0,-5.0,nan,nan,nan,nan,nan
20.800769329071045,-0.002978493692353368,-0.004946986213326454,-3.914088249206543,-0.006957678592563018,0.001567840576171875,0.0,0.0,-5.0,nan,nan,nan,nan,nan
20.81194758415222,-0.00517271226271987,-0.007934537716209888,-3.914778709411621,-0.006606002937129964,0.0017158985137939453,0.0,0.0,-5.0,nan,nan,nan,nan,nan
20.820480346679688,-0.00517271226271987,-0.007934537716209888,-3.914778709411621,-0.006606002937129964,0.0017459392547607422,0.0,0.0,-5.0,nan,nan,nan,nan,nan
20.830570697784424,-0.00517271226271987,-0.007934537716209888,-3.914778709411621,-0.006606002937129964,0.002101898193359375,0.0,0.0,-5.0,nan,nan,nan,nan,nan
20.840428590774536,-0.007378572132438421,-0.010771390981972218,-3.915505886077881,-0.006326605177128342,0.0017266273498535156,0.0,0.0,-5.0,nan,nan,nan,nan,nan
20.85042119026184,-0.007378572132438421,-0.010771390981972218,-3.915505886077881,-0.006326605177128342,0.0017180442810058594,0.0,0.0,-5.0,nan,nan,nan,nan,nan
20.86146593093872,-0.010276000946760178,-0.014380335807800293,-3.916454315185547,-0.006028500689691444,0.0007917881011962891,0.0,0.0,-5.0,nan,nan,nan,nan,nan
20.870275497436523,-0.010276000946760178,-0.014380335807800293,-3.916454315185547,-0.006028500689691444,0.0006973743438720703,0.0,0.0,-5.0,nan,nan,nan,nan,nan
20.880755186080933,-0.010276000946760178,-0.014380335807800293,-3.916454315185547,-0.006028500689691444,0.0009512901306152344,0.0,0.0,-5.0,nan,nan,nan,nan,nan
20.890250205993652,-0.011704443022608757,-0.016104597598314285,-3.9169178009033203,-0.005942064680237917,0.0007624626159667969,0.0,0.0,-5.0,nan,nan,nan,nan,nan
20.90041971206665,-0.011704443022608757,-0.016104597598314285,-3.9169178009033203,-0.005942064680237917,0.0006449222564697266,0.0,0.0,-5.0,nan,nan,nan,nan,nan
20.911117792129517,-0.014532476663589478,-0.01941644586622715,-3.917825222015381,-0.005753468712117637,0.0017511844635009766,0.0,0.0,-5.0,nan,nan,nan,nan,nan
20.920195817947388,-0.014532476663589478,-0.01941644586622715,-3.917825222015381,-0.005753468712117637,0.0008056163787841797,0.0,0.0,-5.0,nan,nan,nan,nan,nan
20.930556058883667,-0.014532476663589478,-0.01941644586622715,-3.917825222015381,-0.005753468712117637,0.0013697147369384766,0.0,0.0,-5.0,nan,nan,nan,nan,nan
20.940489530563354,-0.016621289774775505,-0.021791677922010422,-3.9185094833374023,-0.00570395919368491,0.0018565654754638672,0.0,0.0,-5.0,nan,nan,nan,nan,nan
20.95057964324951,-0.016621289774775505,-0.021791677922010422,-3.9185094833374023,-0.00570395919368491,0.0019011497497558594,0.0,0.0,-5.0,nan,nan,nan,nan,nan
20.962372303009033,-0.018669964745640755,-0.02407698519527912,-3.919156551361084,-0.005745645715329253,0.0018672943115234375,0.0,0.0,-5.0,nan,nan,nan,nan,nan
20.97055983543396,-0.018669964745640755,-0.02407698519527912,-3.919156551361084,-0.005745645715329253,0.001898050308227539,0.0,0.0,-5.0,nan,nan,nan,nan,nan
20.980507612228394,-0.018669964745640755,-0.02407698519527912,-3.919156551361084,-0.005745645715329253,0.0018429756164550781,0.0,0.0,-5.0,nan,nan,nan,nan,nan
20.990488290786743,-0.020679213106632233,-0.02628145180642605,-3.919800281524658,-0.0057734668327254525,0.00179290771484375,0.0,0.0,-5.0,nan,nan,nan,nan,nan
21.000935316085815,-0.020679213106632233,-0.02628145180642605,-3.919800281524658,-0.0057734668327254525,0.0017917156219482422,0.0,0.0,-5.0,nan,nan,nan,nan,nan
21.012044668197632,-0.022642016410827637,-0.028412647545337677,-3.9204325675964355,-0.005862487992207307,0.0018072128295898438,0.0,0.0,-5.0,nan,nan,nan,nan,nan
21.020541191101074,-0.022642016410827637,-0.028412647545337677,-3.9204325675964355,-0.005862487992207307,0.0018246173858642578,0.0,0.0,-5.0,nan,nan,nan,nan,nan
21.030583143234253,-0.022642016410827637,-0.028412647545337677,-3.9204325675964355,-0.005862487992207307,0.0017919540405273438,0.0,0.0,-5.0,nan,nan,nan,nan,nan
21.040576457977295,-0.02455550618469715,-0.03049026057124138,-3.9210495948791504,-0.006024023621273881,0.0019040107727050781,0.0,0.0,-5.0,nan,nan,nan,nan,nan
21.05046558380127,-0.02455550618469715,-0.03049026057124138,-3.9210495948791504,-0.006024023621273881,0.0016872882843017578,0.0,0.0,-5.0,nan,nan,nan,nan,nan
21.062394380569458,-0.027036026120185852,-0.03317238762974739,-3.9218087196350098,-0.006201124568031366,0.0016627311706542969,0.0,0.0,-5.0,nan,nan,nan,nan,nan
21.070505619049072,-0.027036026120185852,-0.03317238762974739,-3.9218087196350098,-0.006201124568031366,0.0018014907836914062,0.0,0.0,-5.0,nan,nan,nan,nan,nan
21.080480337142944,-0.027036026120185852,-0.03317238762974739,-3.9218087196350098,-0.006201124568031366,0.0017278194427490234,0.0,0.0,-5.0,nan,nan,nan,nan,nan
21.090378284454346,-0.028246385976672173,-0.0344962477684021,-3.9221816062927246,-0.006331716892271733,0.0018773078918457031,0.0,0.0,-5.0,nan,nan,nan,nan,nan
21.10050916671753,-0.028246385976672173,-0.0344962477684021,-3.9221816062927246,-0.006331716892271733,0.0007851123809814453,0.0,0.0,-5.0,nan,nan,nan,nan,nan
21.11121916770935,-0.029435642063617706,-0.03580604866147041,-3.9225330352783203,-0.006481743853665912,0.0008270740509033203,0.0,0.0,-5.0,nan,nan,nan,nan,nan
21.12023091316223,-0.029435642063617706,-0.03580604866147041,-3.9225330352783203,-0.006481743853665912,0.0007138252258300781,0.0,0.0,-5.0,nan,nan,nan,nan,nan
21.130306720733643,-0.029435642063617706,-0.03580604866147041,-3.9225330352783203,-0.006481743853665912,0.001096963882446289,0.0,0.0,-5.0,nan,nan,nan,nan,nan
21.140472650527954,-0.03228558972477913,-0.0390644371509552,-3.923333168029785,-0.0068050882175790285,0.0018465518951416016,0.0,0.0,-5.0,nan,nan,nan,nan,nan
21.150464057922363,-0.03228558972477913,-0.0390644371509552,-3.923333168029785,-0.0068050882175790285,0.0011849403381347656,0.0,0.0,-5.0,nan,nan,nan,nan,nan
21.161297082901,-0.03387295454740524,-0.04097937420010567,-3.9237565994262695,-0.007049327943075194,0.0014982223510742188,0.0,0.0,-5.0,nan,nan,nan,nan,nan
21.170453548431396,-0.03387295454740524,-0.04097937420010567,-3.9237565994262695,-0.007049327943075194,0.0018007755279541016,0.0,0.0,-5.0,nan,nan,nan,nan,nan
21.18045449256897,-0.03387295454740524,-0.04097937420010567,-3.9237565994262695,-0.007049327943075194,0.0017786026000976562,0.0,0.0,-5.0,nan,nan,nan,nan,nan
21.190340518951416,-0.03536345064640045,-0.042891792953014374,-3.9241371154785156,-0.007259720723586624,0.0011501312255859375,0.0,0.0,-5.0,nan,nan,nan,nan,nan
21.200555324554443,-0.03536345064640045,-0.042891792953014374,-3.9241371154785156,-0.007259720723586624,0.0009109973907470703,0.0,0.0,-5.0,nan,nan,nan,nan,nan
21.21185874938965,-0.03631618991494179,-0.04415672644972801,-3.9243879318237305,-0.007414910134280364,0.0017731189727783203,0.0,0.0,-5.0,nan,nan,nan,nan,nan
21.22031855583191,-0.03631618991494179,-0.04415672644972801,-3.9243879318237305,-0.007414910134280364,0.0010724067687988281,0.0,0.0,-5.0,nan,nan,nan,nan,nan
21.230371475219727,-0.03631618991494179,-0.04415672644972801,-3.9243879318237305,-0.007414910134280364,0.0017063617706298828,0.0,0.0,-5.0,nan,nan,nan,nan,nan
21.24033236503601,-0.03806604817509651,-0.04665961116552353,-3.924923896789551,-0.0077293394906302795,0.0011355876922607422,0.0,0.0,-5.0,nan,nan,nan,nan,nan
21.250330924987793,-0.03806604817509651,-0.04665961116552353,-3.924923896789551,-0.0077293394906302795,0.0010819435119628906,0.0,0.0,-5.0,nan,nan,nan,nan,nan
21.261356592178345,-0.039260540157556534,-0.04851711541414261,-3.925363540649414,-0.007954130047533228,0.0009839534759521484,0.0,0.0,-5.0,nan,nan,nan,nan,nan
21.270303964614868,-0.039260540157556534,-0.04851711541414261,-3.925363540649414,-0.007954130047533228,0.000980377197265625,0.0,0.0,-5.0,nan,nan,nan,nan,nan
21.280279397964478,-0.039260540157556534,-0.04851711541414261,-3.925363540649414,-0.007954130047533228,0.0009641647338867188,0.0,0.0,-5.0,nan,nan,nan,nan,nan
21.29035234451294,-0.04035726189613342,-0.050343818962574005,-3.9258270263671875,-0.008170693275846654,0.0008556842803955078,0.0,0.0,-5.0,nan,nan,nan,nan,nan
21.300588607788086,-0.04035726189613342,-0.050343818962574005,-3.9258270263671875,-0.008170693275846654,0.0007138252258300781,0.0,0.0,-5.0,nan,nan,nan,nan,nan
21.31098222732544,-0.041369032114744186,-0.05212865024805069,-3.92631196975708,-0.008396054776455419,0.0007283687591552734,0.0,0.0,-5.0,nan,nan,nan,nan,nan
21.320348024368286,-0.041369032114744186,-0.05212865024805069,-3.92631196975708,-0.008396054776455419,0.0010581016540527344,0.0,0.0,-5.0,nan,nan,nan,nan,nan
21.330411195755005,-0.041369032114744186,-0.05212865024805069,-3.92631196975708,-0.008396054776455419,0.0010199546813964844,0.0,0.0,-5.0,nan,nan,nan,nan,nan
21.340334177017212,-0.042619846761226654,-0.05444331094622612,-3.9269800186157227,-0.008668683918792837,0.0017461776733398438,0.0,0.0,-5.0,nan,nan,nan,nan,nan
21.350440502166748,-0.042619846761226654,-0.05444331094622612,-3.9269800186157227,-0.008668683918792837,0.0016796588897705078,0.0,0.0,-5.0,nan,nan,nan,nan,nan
21.362026691436768,-0.04318704083561897,-0.05557769164443016,-3.9273300170898438,-0.008800926550814563,0.0009639263153076172,0.0,0.0,-5.0,nan,nan,nan,nan,nan
21.370261430740356,-0.04318704083561897,-0.05557769164443016,-3.9273300170898438,-0.008800926550814563,0.000736236572265625,0.0,0.0,-5.0,nan,nan,nan,nan,nan
21.38026762008667,-0.04318704083561897,-0.05557769164443016,-3.9273300170898438,-0.008800926550814563,0.001760244369506836,0.0,0.0,-5.0,nan,nan,nan,nan,nan
21.390323400497437,-0.04427577182650566,-0.05780961737036705,-3.9280524253845215,-0.009086454116923862,0.0010874271392822266,0.0,0.0,-5.0,nan,nan,nan,nan,nan
21.400627851486206,-0.04427577182650566,-0.05780961737036705,-3.9280524253845215,-0.009086454116923862,0.0011212825775146484,0.0,0.0,-5.0,nan,nan,nan,nan,nan
21.41138458251953,-0.04479966685175896,-0.05891047790646553,-3.928434371948242,-0.009196448150624878,0.0010488033294677734,0.0,0.0,-5.0,nan,nan,nan,nan,nan
21.420384168624878,-0.04479966685175896,-0.05891047790646553,-3.928434371948242,-0.009196448150624878,0.0012099742889404297,0.0,0.0,-5.0,nan,nan,nan,nan,nan
21.43028473854065,-0.04479966685175896,-0.05891047790646553,-3.928434371948242,-0.009196448150624878,0.001371622085571289,0.0,0.0,-5.0,nan,nan,nan,nan,nan
21.440449953079224,-0.04581570252776146,-0.06105991452932358,-3.9292550086975098,-0.009418938659506824,0.0019123554229736328,0.0,0.0,-5.0,nan,nan,nan,nan,nan
21.45057439804077,-0.04581570252776146,-0.06105991452932358,-3.9292550086975098,-0.009418938659506824,0.0017096996307373047,0.0,0.0,-5.0,nan,nan,nan,nan,nan
21.461967706680298,-0.04631911218166351,-0.06210073083639145,-3.9296860694885254,-0.009534859747840414,0.0012271404266357422,0.0,0.0,-5.0,nan,nan,nan,nan,nan
21.470295906066895,-0.04631911218166351,-0.06210073083639145,-3.9296860694885254,-0.009534859747840414,0.001007080078125,0.0,0.0,-5.0,nan,nan,nan,nan,nan
21.480305671691895,-0.04631911218166351,-0.06210073083639145,-3.9296860694885254,-0.009534859747840414,0.0010864734649658203,0.0,0.0,-5.0,nan,nan,nan,nan,nan
21.4906005859375,-0.04732504487037659,-0.06414731591939926,-3.9305763244628906,-0.009692591496805765,0.0015759468078613281,0.0,0.0,-5.0,nan,nan,nan,nan,nan
21.50057578086853,-0.04732504487037659,-0.06414731591939926,-3.9305763244628906,-0.009692591496805765,0.0009500980377197266,0.0,0.0,-5.0,nan,nan,nan,nan,nan
21.5111825466156,-0.04807030409574509,-0.0656532272696495,-3.9312586784362793,-0.0098172848762409,0.0007157325744628906,0.0,0.0,-5.0,nan,nan,nan,nan,nan
21.52030873298645,-0.04807030409574509,-0.0656532272696495,-3.9312586784362793,-0.0098172848762409,0.0007696151733398438,0.0,0.0,-5.0,nan,nan,nan,nan,nan
21.53050971031189,-0.04807030409574509,-0.0656532272696495,-3.9312586784362793,-0.0098172848762409,0.0017077922821044922,0.0,0.0,-5.0,nan,nan,nan,nan,nan
21.540327072143555,-0.04902145639061928,-0.06763830780982971,-3.932180881500244,-0.009986525001091836,0.0011320114135742188,0.0,0.0,-5.0,nan,nan,nan,nan,nan
21.550334930419922,-0.04902145639061928,-0.06763830780982971,-3.932180881500244,-0.009986525001091836,0.0007786750793457031,0.0,0.0,-5.0,nan,nan,nan,nan,nan
21.561146020889282,-0.04946570843458176,-0.06861937046051025,-3.932657241821289,-0.010049735925100764,0.0007474422454833984,0.0,0.0,-5.0,nan,nan,nan,nan,nan
21.570314645767212,-0.04946570843458176,-0.06861937046051025,-3.932657241821289,-0.010049735925100764,0.0008549690246582031,0.0,0.0,-5.0,nan,nan,nan,nan,nan
21.580297231674194,-0.04946570843458176,-0.06861937046051025,-3.932657241821289,-0.010049735925100764,0.000774383544921875,0.0,0.0,-5.0,nan,nan,nan,nan,nan
21.5902898311615,-0.050264716148376465,-0.07055561989545822,-3.9336419105529785,-0.010189847769375478,0.0008680820465087891,0.0,0.0,-5.0,nan,nan,nan,nan,nan
21.60040044784546,-0.050264716148376465,-0.07055561989545822,-3.9336419105529785,-0.010189847769375478,0.0006537437438964844,0.0,0.0,-5.0,nan,nan,nan,nan,nan
21.611169576644897,-0.05064328387379646,-0.07150901108980179,-3.9341320991516113,-0.010254353189917704,0.0007872581481933594,0.0,0.0,-5.0,nan,nan,nan,nan,nan
21.620246648788452,-0.05064328387379646,-0.07150901108980179,-3.9341320991516113,-0.010254353189917704,0.0007305145263671875,0.0,0.0,-5.0,nan,nan,nan,nan,nan
21.630355834960938,-0.05064328387379646,-0.07150901108980179,-3.9341320991516113,-0.010254353189917704,0.0017838478088378906,0.0,0.0,-5.0,nan,nan,nan,nan,nan
21.64042568206787,-0.05113840475678444,-0.0729118287563324,-3.934924602508545,-0.01029991852410513,0.001764059066772461,0.0,0.0,-5.0,nan,nan,nan,nan,nan
21.650452852249146,-0.05113840475678444,-0.0729118287563324,-3.934924602508545,-0.01029991852410513,0.0017125606536865234,0.0,0.0,-5.0,nan,nan,nan,nan,nan
21.66215419769287,-0.05154387652873993,-0.07427443563938141,-3.935720920562744,-0.010335798636143938,0.0017757415771484375,0.0,0.0,-5.0,nan,nan,nan,nan,nan
21.67041277885437,-0.05154387652873993,-0.07427443563938141,-3.935720920562744,-0.010335798636143938,0.0017559528350830078,0.0,0.0,-5.0,nan,nan,nan,nan,nan
21.68056321144104,-0.05154387652873993,-0.07427443563938141,-3.935720920562744,-0.010335798636143938,0.0017533302307128906,0.0,0.0,-5.0,nan,nan,nan,nan,nan
21.690451860427856,-0.05194393917918205,-0.07602132856845856,-3.936781406402588,-0.010342232841836831,0.0018019676208496094,0.0,0.0,-5.0,nan,nan,nan,nan,nan
21.700570821762085,-0.05194393917918205,-0.07602132856845856,-3.936781406402588,-0.010342232841836831,0.0009500980377197266,0.0,0.0,-5.0,nan,nan,nan,nan,nan
21.711775064468384,-0.05213484913110733,-0.07725600898265839,-3.9376015663146973,-0.010344652956958631,0.001813650131225586,0.0,0.0,-5.0,nan,nan,nan,nan,nan
21.720415830612183,-0.05213484913110733,-0.07725600898265839,-3.9376015663146973,-0.010344652956958631,0.0010673999786376953,0.0,0.0,-5.0,nan,nan,nan,nan,nan
21.73044466972351,-0.05213484913110733,-0.07725600898265839,-3.9376015663146973,-0.010344652956958631,0.002103567123413086,0.0,0.0,-5.0,nan,nan,nan,nan,nan
21.740333557128906,-0.05220254138112068,-0.07803334295749664,-3.938155174255371,-0.010341487116586869,0.0008046627044677734,0.0,0.0,-5.0,nan,nan,nan,nan,nan
21.750274419784546,-0.05220254138112068,-0.07803334295749664,-3.938155174255371,-0.010341487116586869,0.0007355213165283203,0.0,0.0,-5.0,nan,nan,nan,nan,nan
21.761003494262695,-0.052227966487407684,-0.07945813238620758,-3.9392027854919434,-0.010256784722189327,0.0007696151733398438,0.0,0.0,-5.0,nan,nan,nan,nan,nan
21.77032160758972,-0.052227966487407684,-0.07945813238620758,-3.9392027854919434,-0.010256784722189327,0.0008254051208496094,0.0,0.0,-5.0,nan,nan,nan,nan,nan
21.78027582168579,-0.052227966487407684,-0.07945813238620758,-3.9392027854919434,-0.010256784722189327,0.0007357597351074219,0.0,0.0,-5.0,nan,nan,nan,nan,nan
21.790525197982788,-0.0521199107170105,-0.08068107068538666,-3.9401068687438965,-0.010156318949684318,0.0018410682678222656,0.0,0.0,-5.0,nan,nan,nan,nan,nan
21.800912618637085,-0.0521199107170105,-0.08068107068538666,-3.9401068687438965,-0.010156318949684318,0.0009684562683105469,0.0,0.0,-5.0,nan,nan,nan,nan,nan
21.81089162826538,-0.05202974006533623,-0.0812128335237503,-3.940524101257324,-0.010115228715733057,0.0007760524749755859,0.0,0.0,-5.0,nan,nan,nan,nan,nan
21.8205623626709,-0.05202974006533623,-0.0812128335237503,-3.940524101257324,-0.010115228715733057,0.0017852783203125,0.0,0.0,-5.0,nan,nan,nan,nan,nan
21.830458879470825,-0.05202974006533623,-0.0812128335237503,-3.940524101257324,-0.010115228715733057,0.0011677742004394531,0.0,0.0,-5.0,nan,nan,nan,nan,nan
21.84033226966858,-0.0518617145717144,-0.08192834258079529,-3.941117763519287,-0.009989810267240577,0.0015621185302734375,0.0,0.0,-5.0,nan,nan,nan,nan,nan
21.850273609161377,-0.0518617145717144,-0.08192834258079529,-3.941117763519287,-0.009989810267240577,0.0010368824005126953,0.0,0.0,-5.0,nan,nan,nan,nan,nan
21.86258292198181,-0.051654864102602005,-0.0824943482875824,-3.941631317138672,-0.009874686460725255,0.0017337799072265625,0.0,0.0,-5.0,nan,nan,nan,nan,nan
21.870463371276855,-0.051654864102602005,-0.0824943482875824,-3.941631317138672,-0.009874686460725255,0.0016865730285644531,0.0,0.0,-5.0,nan,nan,nan,nan,nan
21.88071918487549,-0.051654864102602005,-0.0824943482875824,-3.941631317138672,-0.009874686460725255,0.0019626617431640625,0.0,0.0,-5.0,nan,nan,nan,nan,nan
21.890435695648193,-0.051450371742248535,-0.08299469202756882,-3.9421119689941406,-0.009744965020313773,0.001127004623413086,0.0,0.0,-5.0,nan,nan,nan,nan,nan
21.900532484054565,-0.051450371742248535,-0.08299469202756882,-3.9421119689941406,-0.009744965020313773,0.0011525154113769531,0.0,0.0,-5.0,nan,nan,nan,nan,nan
21.911879301071167,-0.051192644983530045,-0.08347520232200623,-3.9426517486572266,-0.009534294175923958,0.0008080005645751953,0.0,0.0,-5.0,nan,nan,nan,nan,nan
21.920307636260986,-0.051192644983530045,-0.08347520232200623,-3.9426517486572266,-0.009534294175923958,0.0007388591766357422,0.0,0.0,-5.0,nan,nan,nan,nan,nan
21.930548667907715,-0.051192644983530045,-0.08347520232200623,-3.9426517486572266,-0.009534294175923958,0.00196075439453125,0.0,0.0,-5.0,nan,nan,nan,nan,nan
21.940404415130615,-0.05107180029153824,-0.08363555371761322,-3.9428815841674805,-0.009425948780269344,0.0017728805541992188,0.0,0.0,-5.0,nan,nan,nan,nan,nan
21.950676918029785,-0.05107180029153824,-0.08363555371761322,-3.9428815841674805,-0.009425948780269344,0.0009167194366455078,0.0,0.0,-5.0,nan,nan,nan,nan,nan
21.961057662963867,-0.050863541662693024,-0.08380740135908127,-3.9432406425476074,-0.009203347944722823,0.0008196830749511719,0.0,0.0,-5.0,nan,nan,nan,nan,nan
21.970375537872314,-0.050863541662693024,-0.08380740135908127,-3.9432406425476074,-0.009203347944722823,0.0012807846069335938,0.0,0.0,-5.0,nan,nan,nan,nan,nan
21.980395793914795,-0.050863541662693024,-0.08380740135908127,-3.9432406425476074,-0.009203347944722823,0.0013222694396972656,0.0,0.0,-5.0,nan,nan,nan,nan,nan
21.9903781414032,-0.05077020451426506,-0.08381760865449905,-3.943389892578125,-0.009077925638006405,0.0012116432189941406,0.0,0.0,-5.0,nan,nan,nan,nan,nan
22.00053858757019,-0.05077020451426506,-0.08381760865449905,-3.943389892578125,-0.009077925638006405,0.0009481906890869141,0.0,0.0,-5.0,nan,nan,nan,nan,nan
22.01151943206787,-0.05058353766798973,-0.08368630707263947,-3.9436516761779785,-0.00884084121477567,0.0010728836059570312,0.0,0.0,-5.0,nan,nan,nan,nan,nan
22.020455837249756,-0.05058353766798973,-0.08368630707263947,-3.9436516761779785,-0.00884084121477567,0.0017178058624267578,0.0,0.0,-5.0,nan,nan,nan,nan,nan
22.030623197555542,-0.05058353766798973,-0.08368630707263947,-3.9436516761779785,-0.00884084121477567,0.0018880367279052734,0.0,0.0,-5.0,nan,nan,nan,nan,nan
22.04024648666382,-0.050432004034519196,-0.08348509669303894,-3.9438247680664062,-0.008648078664082154,0.0008411407470703125,0.0,0.0,-5.0,nan,nan,nan,nan,nan
22.05024766921997,-0.050432004034519196,-0.08348509669303894,-3.9438247680664062,-0.008648078664082154,0.0007817745208740234,0.0,0.0,-5.0,nan,nan,nan,nan,nan
22.060920000076294,-0.050328969955444336,-0.08319766074419022,-3.9439921379089355,-0.00843626453989694,0.0007505416870117188,0.0,0.0,-5.0,nan,nan,nan,nan,nan
22.070314168930054,-0.050328969955444336,-0.08319766074419022,-3.9439921379089355,-0.00843626453989694,0.0008828639984130859,0.0,0.0,-5.0,nan,nan,nan,nan,nan
22.0802640914917,-0.050328969955444336,-0.08319766074419022,-3.9439921379089355,-0.00843626453989694,0.0007696151733398438,0.0,0.0,-5.0,nan,nan,nan,nan,nan
22.09055495262146,-0.05025757849216461,-0.08286648988723755,-3.944122314453125,-0.008245241167818383,0.0012552738189697266,0.0,0.0,-5.0,nan,nan,nan,nan,nan
22.100638151168823,-0.05025757849216461,-0.08286648988723755,-3.944122314453125,-0.008245241167818383,0.0010156631469726562,0.0,0.0,-5.0,nan,nan,nan,nan,nan
22.111332416534424,-0.05021355673670769,-0.08236806094646454,-3.9443249702453613,-0.007959984139455993,0.0011625289916992188,0.0,0.0,-5.0,nan,nan,nan,nan,nan
22.12037205696106,-0.05021355673670769,-0.08236806094646454,-3.9443249702453613,-0.007959984139455993,0.0011005401611328125,0.0,0.0,-5.0,nan,nan,nan,nan,nan
22.13048267364502,-0.05021355673670769,-0.08236806094646454,-3.9443249702453613,-0.007959984139455993,0.0013339519500732422,0.0,0.0,-5.0,nan,nan,nan,nan,nan
22.140288829803467,-0.0502023845911026,-0.08210161328315735,-3.9444522857666016,-0.007823361962266507,0.0010638236999511719,0.0,0.0,-5.0,nan,nan,nan,nan,nan
22.15026021003723,-0.0502023845911026,-0.08210161328315735,-3.9444522857666016,-0.007823361962266507,0.0009675025939941406,0.0,0.0,-5.0,nan,nan,nan,nan,nan
22.161479473114014,-0.050199855118989944,-0.08164360374212265,-3.944676399230957,-0.007637166544452975,0.0011451244354248047,0.0,0.0,-5.0,nan,nan,nan,nan,nan
22.170254230499268,-0.050199855118989944,-0.08164360374212265,-3.944676399230957,-0.007637166544452975,0.0009763240814208984,0.0,0.0,-5.0,nan,nan,nan,nan,nan
22.180492401123047,-0.050199855118989944,-0.08164360374212265,-3.944676399230957,-0.007637166544452975,0.0020868778228759766,0.0,0.0,-5.0,nan,nan,nan,nan,nan
22.19025683403015,-0.05021556466817856,-0.08114785701036453,-3.944925308227539,-0.0074316080391002995,0.0008006095886230469,0.0,0.0,-5.0,nan,nan,nan,nan,nan
22.200833320617676,-0.05021556466817856,-0.08114785701036453,-3.944925308227539,-0.0074316080391002995,0.001535177230834961,0.0,0.0,-5.0,nan,nan,nan,nan,nan
22.212340116500854,-0.050248030573129654,-0.08043716102838516,-3.9453530311584473,-0.0071381079160215445,0.0017731189727783203,0.0,0.0,-5.0,nan,nan,nan,nan,nan
22.220492124557495,-0.050248030573129654,-0.08043716102838516,-3.9453530311584473,-0.0071381079160215445,0.0014324188232421875,0.0,0.0,-5.0,nan,nan,nan,nan,nan
22.230528354644775,-0.050248030573129654,-0.08043716102838516,-3.9453530311584473,-0.0071381079160215445,0.001211404800415039,0.0,0.0,-5.0,nan,nan,nan,nan,nan
22.240321397781372,-0.05025796964764595,-0.08007246255874634,-3.94558048248291,-0.007020891880771685,0.0011610984802246094,0.0,0.0,-5.0,nan,nan,nan,nan,nan
22.25028657913208,-0.05025796964764595,-0.08007246255874634,-3.94558048248291,-0.007020891880771685,0.0009694099426269531,0.0,0.0,-5.0,nan,nan,nan,nan,nan
22.26152539253235,-0.05025662109255791,-0.07953076809644699,-3.945916175842285,-0.006816606077398634,0.001085519790649414,0.0,0.0,-5.0,nan,nan,nan,nan,nan
22.270304441452026,-0.05025662109255791,-0.07953076809644699,-3.945916175842285,-0.006816606077398634,0.0010342597961425781,0.0,0.0,-5.0,nan,nan,nan,nan,nan
22.280339241027832,-0.05025662109255791,-0.07953076809644699,-3.945916175842285,-0.006816606077398634,0.0013959407806396484,0.0,0.0,-5.0,nan,nan,nan,nan,nan
22.290558576583862,-0.050211355090141296,-0.07881968468427658,-3.9463400840759277,-0.00656371627341626,0.0019757747650146484,0.0,0.0,-5.0,nan,nan,nan,nan,nan
22.300732612609863,-0.050211355090141296,-0.07881968468427658,-3.9463400840759277,-0.00656371627341626,0.0016887187957763672,0.0,0.0,-5.0,nan,nan,nan,nan,nan
22.31204652786255,-0.0501415990293026,-0.07830123603343964,-3.9466748237609863,-0.006384604589901142,0.001756906509399414,0.0,0.0,-5.0,nan,nan,nan,nan,nan
22.320313692092896,-0.0501415990293026,-0.07830123603343964,-3.9466748237609863,-0.006384604589901142,0.00115203857421875,0.0,0.0,-5.0,nan,nan,nan,nan,nan
22.330543041229248,-0.0501415990293026,-0.07830123603343964,-3.9466748237609863,-0.006384604589901142,0.0018298625946044922,0.0,0.0,-5.0,nan,nan,nan,nan,nan
22.340254068374634,-0.05003567412495613,-0.07779008895158768,-3.9470343589782715,-0.006212919040599996,0.0009095668792724609,0.0,0.0,-5.0,nan,nan,nan,nan,nan
22.35033631324768,-0.05003567412495613,-0.07779008895158768,-3.9470343589782715,-0.006212919040599996,0.0010128021240234375,0.0,0.0,-5.0,nan,nan,nan,nan,nan
22.36113476753235,-0.049913883209228516,-0.07746821641921997,-3.947261333465576,-0.006118122500237807,0.0009036064147949219,0.0,0.0,-5.0,nan,nan,nan,nan,nan
22.3705153465271,-0.049913883209228516,-0.07746821641921997,-3.947261333465576,-0.006118122500237807,0.0017397403717041016,0.0,0.0,-5.0,nan,nan,nan,nan,nan
22.380449533462524,-0.049913883209228516,-0.07746821641921997,-3.947261333465576,-0.006118122500237807,0.0016944408416748047,0.0,0.0,-5.0,nan,nan,nan,nan,nan
22.39049220085144,-0.04964171350002289,-0.07683315128087997,-3.947744846343994,-0.00595190022541937,0.0017943382263183594,0.0,0.0,-5.0,nan,nan,nan,nan,nan
22.40054726600647,-0.04964171350002289,-0.07683315128087997,-3.947744846343994,-0.00595190022541937,0.0007224082946777344,0.0,0.0,-5.0,nan,nan,nan,nan,nan
22.41097664833069,-0.04941953718662262,-0.07636465132236481,-3.948133945465088,-0.0058247122125339905,0.0007672309875488281,0.0,0.0,-5.0,nan,nan,nan,nan,nan
22.42029595375061,-0.04941953718662262,-0.07636465132236481,-3.948133945465088,-0.0058247122125339905,0.0007691383361816406,0.0,0.0,-5.0,nan,nan,nan,nan,nan
22.430492162704468,-0.04941953718662262,-0.07636465132236481,-3.948133945465088,-0.0058247122125339905,0.001817464828491211,0.0,0.0,-5.0,nan,nan,nan,nan,nan
22.440444231033325,-0.049104686826467514,-0.07576228678226471,-3.9486355781555176,-0.005671912566226857,0.0018312931060791016,0.0,0.0,-5.0,nan,nan,nan,nan,nan
22.450371503829956,-0.049104686826467514,-0.07576228678226471,-3.9486355781555176,-0.005671912566226857,0.0017812252044677734,0.0,0.0,-5.0,nan,nan,nan,nan,nan
22.46201252937317,-0.04895903915166855,-0.07545799016952515,-3.948869228363037,-0.005600390880277568,0.0015692710876464844,0.0,0.0,-5.0,nan,nan,nan,nan,nan
22.470515251159668,-0.04895903915166855,-0.07545799016952515,-3.948869228363037,-0.005600390880277568,0.0010945796966552734,0.0,0.0,-5.0,nan,nan,nan,nan,nan
22.48034644126892,-0.04895903915166855,-0.07545799016952515,-3.948869228363037,-0.005600390880277568,0.0008356571197509766,0.0,0.0,-5.0,nan,nan,nan,nan,nan
22.490525245666504,-0.04866664856672287,-0.07487984001636505,-3.949371814727783,-0.005455089070881532,0.00189208984375,0.0,0.0,-5.0,nan,nan,nan,nan,nan
22.500839233398438,-0.04866664856672287,-0.07487984001636505,-3.949371814727783,-0.005455089070881532,0.0016856193542480469,0.0,0.0,-5.0,nan,nan,nan,nan,nan
22.512182235717773,-0.04844728857278824,-0.07447440177202225,-3.949784755706787,-0.005386829191376413,0.0019164085388183594,0.0,0.0,-5.0,nan,nan,nan,nan,nan
22.52043390274048,-0.04844728857278824,-0.07447440177202225,-3.949784755706787,-0.005386829191376413,0.0015835762023925781,0.0,0.0,-5.0,nan,nan,nan,nan,nan
22.530585527420044,-0.04844728857278824,-0.07447440177202225,-3.949784755706787,-0.005386829191376413,0.00211334228515625,0.0,0.0,-5.0,nan,nan,nan,nan,nan
22.540408849716187,-0.04822990670800209,-0.0740896537899971,-3.9502358436584473,-0.005316228495911961,0.0018568038940429688,0.0,0.0,-5.0,nan,nan,nan,nan,nan
22.550405502319336,-0.04822990670800209,-0.0740896537899971,-3.9502358436584473,-0.005316228495911961,0.0016546249389648438,0.0,0.0,-5.0,nan,nan,nan,nan,nan
22.56213068962097,-0.04797675088047981,-0.07369370758533478,-3.950712203979492,-0.0052610139494457045,0.001714468002319336,0.0,0.0,-5.0,nan,nan,nan,nan,nan
22.5704607963562,-0.04797675088047981,-0.07369370758533478,-3.950712203979492,-0.0052610139494457045,0.001837015151977539,0.0,0.0,-5.0,nan,nan,nan,nan,nan
22.58062720298767,-0.04797675088047981,-0.07369370758533478,-3.950712203979492,-0.0052610139494457045,0.0021162033081054688,0.0,0.0,-5.0,nan,nan,nan,nan,nan
22.59032678604126,-0.04771150276064873,-0.07329150289297104,-3.951188564300537,-0.005217624785094596,0.0009374618530273438,0.0,0.0,-5.0,nan,nan,nan,nan,nan
22.6009521484375,-0.04771150276064873,-0.07329150289297104,-3.951188564300537,-0.005217624785094596,0.0007851123809814453,0.0,0.0,-5.0,nan,nan,nan,nan,nan
22.611129760742188,-0.04743640869855881,-0.07289309054613113,-3.95166015625,-0.005146324549681723,0.0008912086486816406,0.0,0.0,-5.0,nan,nan,nan,nan,nan
22.620526790618896,-0.04743640869855881,-0.07289309054613113,-3.95166015625,-0.005146324549681723,0.0012378692626953125,0.0,0.0,-5.0,nan,nan,nan,nan,nan
22.630404472351074,-0.04743640869855881,-0.07289309054613113,-3.95166015625,-0.005146324549681723,0.0011556148529052734,0.0,0.0,-5.0,nan,nan,nan,nan,nan
22.640326499938965,-0.04704079031944275,-0.07237783819437027,-3.95225191116333,-0.005103838540369681,0.0009527206420898438,0.0,0.0,-5.0,nan,nan,nan,nan,nan
22.65033721923828,-0.04704079031944275,-0.07237783819437027,-3.95225191116333,-0.005103838540369681,0.0008571147918701172,0.0,0.0,-5.0,nan,nan,nan,nan,nan
22.661336183547974,-0.04682481661438942,-0.0721355676651001,-3.9525413513183594,-0.0050938416642906815,0.0008094310760498047,0.0,0.0,-5.0,nan,nan,nan,nan,nan
22.67038321495056,-0.04682481661438942,-0.0721355676651001,-3.9525413513183594,-0.0050938416642906815,0.001142263412475586,0.0,0.0,-5.0,nan,nan,nan,nan,nan
22.680318355560303,-0.04682481661438942,-0.0721355676651001,-3.9525413513183594,-0.0050938416642906815,0.0008351802825927734,0.0,0.0,-5.0,nan,nan,nan,nan,nan
22.690513134002686,-0.04650188982486725,-0.07178251445293427,-3.952986240386963,-0.005043381466440551,0.0017876625061035156,0.0,0.0,-5.0,nan,nan,nan,nan,nan
22.701077222824097,-0.04650188982486725,-0.07178251445293427,-3.952986240386963,-0.005043381466440551,0.0012836456298828125,0.0,0.0,-5.0,nan,nan,nan,nan,nan
22.710347175598145,-0.04650188982486725,-0.07178251445293427,-3.952986240386963,-0.005043381466440551,0.0008480548858642578,0.0,0.0,-5.0,nan,nan,nan,nan,nan
22.720341682434082,-0.046179309487342834,-0.07143515348434448,-3.953439235687256,-0.005024456614576794,0.0012462139129638672,0.0,0.0,-5.0,nan,nan,nan,nan,nan
22.730549573898315,-0.046179309487342834,-0.07143515348434448,-3.953439235687256,-0.005024456614576794,0.0017807483673095703,0.0,0.0,-5.0,nan,nan,nan,nan,nan
22.74034309387207,-0.045833244919776917,-0.0710277408361435,-3.9538979530334473,-0.005009937071618958,0.001104593276977539,0.0,0.0,-5.0,nan,nan,nan,nan,nan
22.750561475753784,-0.045833244919776917,-0.0710277408361435,-3.9538979530334473,-0.005009937071618958,0.001975536346435547,0.0,0.0,-5.0,nan,nan,nan,nan,nan
22.76201844215393,-0.04533504322171211,-0.07042043656110764,-3.9545249938964844,-0.0049485388650470225,0.0018901824951171875,0.0,0.0,-5.0,nan,nan,nan,nan,nan
22.770512104034424,-0.04533504322171211,-0.07042043656110764,-3.9545249938964844,-0.0049485388650470225,0.0017998218536376953,0.0,0.0,-5.0,nan,nan,nan,nan,nan
22.78053879737854,-0.04533504322171211,-0.07042043656110764,-3.9545249938964844,-0.0049485388650470225,0.0021431446075439453,0.0,0.0,-5.0,nan,nan,nan,nan,nan
22.790498971939087,-0.04505795240402222,-0.07009187340736389,-3.954831123352051,-0.0049237038609765615,0.0018696784973144531,0.0,0.0,-5.0,nan,nan,nan,nan,nan
22.80061650276184,-0.04505795240402222,-0.07009187340736389,-3.954831123352051,-0.0049237038609765615,0.0010068416595458984,0.0,0.0,-5.0,nan,nan,nan,nan,nan
22.81248450279236,-0.044464483857154846,-0.06939319521188736,-3.9554476737976074,-0.004891755465150227,0.0017695426940917969,0.0,0.0,-5.0,nan,nan,nan,nan,nan
22.820528268814087,-0.044464483857154846,-0.06939319521188736,-3.9554476737976074,-0.004891755465150227,0.0017826557159423828,0.0,0.0,-5.0,nan,nan,nan,nan,nan
22.830560207366943,-0.044464483857154846,-0.06939319521188736,-3.9554476737976074,-0.004891755465150227,0.0015566349029541016,0.0,0.0,-5.0,nan,nan,nan,nan,nan
22.84048557281494,-0.044164542108774185,-0.0690205916762352,-3.955759048461914,-0.004869427328798457,0.0018627643585205078,0.0,0.0,-5.0,nan,nan,nan,nan,nan
22.850541353225708,-0.044164542108774185,-0.0690205916762352,-3.955759048461914,-0.004869427328798457,0.002212047576904297,0.0,0.0,-5.0,nan,nan,nan,nan,nan
22.861197233200073,-0.04356609284877777,-0.06821904331445694,-3.9563426971435547,-0.004839752124862335,0.0008077621459960938,0.0,0.0,-5.0,nan,nan,nan,nan,nan
22.870429277420044,-0.04356609284877777,-0.06821904331445694,-3.9563426971435547,-0.004839752124862335,0.0015282630920410156,0.0,0.0,-5.0,nan,nan,nan,nan,nan
22.88058876991272,-0.04356609284877777,-0.06821904331445694,-3.9563426971435547,-0.004839752124862335,0.0016994476318359375,0.0,0.0,-5.0,nan,nan,nan,nan,nan
22.891008138656616,-0.043127235025167465,-0.06758492439985275,-3.956728935241699,-0.0048139159010318145,0.0015382766723632812,0.0,0.0,-5.0,nan,nan,nan,nan,nan
22.901317358016968,-0.043127235025167465,-0.06758492439985275,-3.956728935241699,-0.0048139159010318145,0.00142669677734375,0.0,0.0,-5.0,nan,nan,nan,nan,nan
22.91149640083313,-0.04269343987107277,-0.06693074107170105,-3.9571003913879395,-0.0047777543140419525,0.001683950424194336,0.0,0.0,-5.0,nan,nan,nan,nan,nan
22.920753002166748,-0.04269343987107277,-0.06693074107170105,-3.9571003913879395,-0.0047777543140419525,0.0020613670349121094,0.0,0.0,-5.0,nan,nan,nan,nan,nan
22.93067193031311,-0.04269343987107277,-0.06693074107170105,-3.9571003913879395,-0.0047777543140419525,0.0010480880737304688,0.0,0.0,-5.0,nan,nan,nan,nan,nan
22.94037628173828,-0.04226287454366684,-0.06625732779502869,-3.957487106323242,-0.004757894471038382,0.0011374950408935547,0.0,0.0,-5.0,nan,nan,nan,nan,nan
22.950434923171997,-0.04226287454366684,-0.06625732779502869,-3.957487106323242,-0.004757894471038382,0.0012745857238769531,0.0,0.0,-5.0,nan,nan,nan,nan,nan
22.960529565811157,-0.04226287454366684,-0.06625732779502869,-3.957487106323242,-0.004757894471038382,0.00208282470703125,0.0,0.0,-5.0,nan,nan,nan,nan,nan
22.970547676086426,-0.04186466708779335,-0.06557182967662811,-3.9578652381896973,-0.004720739598292686,0.0009129047393798828,0.0,0.0,-5.0,nan,nan,nan,nan,nan
22.980360746383667,-0.04186466708779335,-0.06557182967662811,-3.9578652381896973,-0.004720739598292686,0.001008749008178711,0.0,0.0,-5.0,nan,nan,nan,nan,nan
22.990588426589966,-0.04148752987384796,-0.06487658619880676,-3.958228588104248,-0.004700990080995077,0.0016434192657470703,0.0,0.0,-5.0,nan,nan,nan,nan,nan
23.00133204460144,-0.04148752987384796,-0.06487658619880676,-3.958228588104248,-0.004700990080995077,0.002213001251220703,0.0,0.0,-5.0,nan,nan,nan,nan,nan
23.012422800064087,-0.041127629578113556,-0.0641760602593422,-3.958570957183838,-0.004682507757906592,0.0018610954284667969,0.0,0.0,-5.0,nan,nan,nan,nan,nan
23.020314693450928,-0.041127629578113556,-0.0641760602593422,-3.958570957183838,-0.004682507757906592,0.0009391307830810547,0.0,0.0,-5.0,nan,nan,nan,nan,nan
23.030628442764282,-0.041127629578113556,-0.0641760602593422,-3.958570957183838,-0.004682507757906592,0.0024862289428710938,0.0,0.0,-5.0,nan,nan,nan,nan,nan
23.040618658065796,-0.04079650342464447,-0.06348378956317902,-3.958894729614258,-0.0046673816909885025,0.0020284652709960938,0.0,0.0,-5.0,nan,nan,nan,nan,nan
23.050715446472168,-0.04079650342464447,-0.06348378956317902,-3.958894729614258,-0.0046673816909885025,0.0020592212677001953,0.0,0.0,-5.0,nan,nan,nan,nan,nan
23.062907695770264,-0.04040015488862991,-0.06255941092967987,-3.9592843055725098,-0.004619924534816626,0.002151966094970703,0.0,0.0,-5.0,nan,nan,nan,nan,nan
23.070568799972534,-0.04040015488862991,-0.06255941092967987,-3.9592843055725098,-0.004619924534816626,0.0020172595977783203,0.0,0.0,-5.0,nan,nan,nan,nan,nan
23.080608367919922,-0.04040015488862991,-0.06255941092967987,-3.9592843055725098,-0.004619924534816626,0.0019845962524414062,0.0,0.0,-5.0,nan,nan,nan,nan,nan
23.09065866470337,-0.04011142626404762,-0.06187090650200844,-3.959567070007324,-0.004602558246503149,0.0022928714752197266,0.0,0.0,-5.0,nan,nan,nan,nan,nan
23.100687503814697,-0.04011142626404762,-0.06187090650200844,-3.959567070007324,-0.004602558246503149,0.0011296272277832031,0.0,0.0,-5.0,nan,nan,nan,nan,nan
23.11172890663147,-0.03991980850696564,-0.06142262741923332,-3.9597411155700684,-0.004583882824186081,0.0011548995971679688,0.0,0.0,-5.0,nan,nan,nan,nan,nan
23.12031126022339,-0.03991980850696564,-0.06142262741923332,-3.9597411155700684,-0.004583882824186081,0.0008838176727294922,0.0,0.0,-5.0,nan,nan,nan,nan,nan
23.130319595336914,-0.03991980850696564,-0.06142262741923332,-3.9597411155700684,-0.004583882824186081,0.0009026527404785156,0.0,0.0,-5.0,nan,nan,nan,nan,nan
23.140424013137817,-0.039548974484205246,-0.06055562570691109,-3.960035800933838,-0.0045519925481328685,0.0012259483337402344,0.0,0.0,-5.0,nan,nan,nan,nan,nan
23.150434970855713,-0.039548974484205246,-0.06055562570691109,-3.960035800933838,-0.0045519925481328685,0.0012121200561523438,0.0,0.0,-5.0,nan,nan,nan,nan,nan
23.160471200942993,-0.039548974484205246,-0.06055562570691109,-3.960035800933838,-0.0045519925481328685,0.00115203857421875,0.0,0.0,-5.0,nan,nan,nan,nan,nan
23.170364141464233,-0.03939374163746834,-0.06013762578368187,-3.960183620452881,-0.004534594123460954,0.001186370849609375,0.0,0.0,-5.0,nan,nan,nan,nan,nan
23.180363655090332,-0.03939374163746834,-0.06013762578368187,-3.960183620452881,-0.004534594123460954,0.0011088848114013672,0.0,0.0,-5.0,nan,nan,nan,nan,nan
23.190427541732788,-0.039102986454963684,-0.05933435633778572,-3.9604134559631348,-0.0044992792487841965,0.0010423660278320312,0.0,0.0,-5.0,nan,nan,nan,nan,nan
23.20055651664734,-0.039102986454963684,-0.05933435633778572,-3.9604134559631348,-0.0044992792487841965,0.0008244514465332031,0.0,0.0,-5.0,nan,nan,nan,nan,nan
23.211267232894897,-0.038898032158613205,-0.05875677242875099,-3.9606118202209473,-0.004472172429363551,0.0008721351623535156,0.0,0.0,-5.0,nan,nan,nan,nan,nan
23.220355987548828,-0.038898032158613205,-0.05875677242875099,-3.9606118202209473,-0.004472172429363551,0.002077341079711914,0.0,0.0,-5.0,nan,nan,nan,nan,nan
23.230506658554077,-0.038898032158613205,-0.05875677242875099,-3.9606118202209473,-0.004472172429363551,0.0017342567443847656,0.0,0.0,-5.0,nan,nan,nan,nan,nan
23.240417003631592,-0.03859037160873413,-0.0580039881169796,-3.9608511924743652,-0.004436054715027966,0.0014121532440185547,0.0,0.0,-5.0,nan,nan,nan,nan,nan
23.250497579574585,-0.03859037160873413,-0.0580039881169796,-3.9608511924743652,-0.004436054715027966,0.0019328594207763672,0.0,0.0,-5.0,nan,nan,nan,nan,nan
23.26163625717163,-0.038424938917160034,-0.05762568116188049,-3.9609909057617188,-0.004430739821879763,0.0008869171142578125,0.0,0.0,-5.0,nan,nan,nan,nan,nan
23.270397424697876,-0.038424938917160034,-0.05762568116188049,-3.9609909057617188,-0.004430739821879763,0.0011246204376220703,0.0,0.0,-5.0,nan,nan,nan,nan,nan
23.28042197227478,-0.038424938917160034,-0.05762568116188049,-3.9609909057617188,-0.004430739821879763,0.0017542839050292969,0.0,0.0,-5.0,nan,nan,nan,nan,nan
23.290521144866943,-0.038103025406599045,-0.056904759258031845,-3.9613022804260254,-0.004394685165512727,0.0012736320495605469,0.0,0.0,-5.0,nan,nan,nan,nan,nan
23.300621509552002,-0.038103025406599045,-0.056904759258031845,-3.9613022804260254,-0.004394685165512727,0.001497030258178711,0.0,0.0,-5.0,nan,nan,nan,nan,nan
23.311063528060913,-0.03794851899147034,-0.05656544491648674,-3.9614739418029785,-0.004378278614802237,0.0008399486541748047,0.0,0.0,-5.0,nan,nan,nan,nan,nan
23.32037878036499,-0.03794851899147034,-0.05656544491648674,-3.9614739418029785,-0.004378278614802237,0.00095367431640625,0.0,0.0,-5.0,nan,nan,nan,nan,nan
23.330308198928833,-0.03794851899147034,-0.05656544491648674,-3.9614739418029785,-0.004378278614802237,0.0008740425109863281,0.0,0.0,-5.0,nan,nan,nan,nan,nan
23.340287446975708,-0.03760803863406181,-0.05589399114251137,-3.9618968963623047,-0.004365504347657706,0.001960277557373047,0.0,0.0,-5.0,nan,nan,nan,nan,nan
23.350571155548096,-0.03760803863406181,-0.05589399114251137,-3.9618968963623047,-0.004365504347657706,0.0018618106842041016,0.0,0.0,-5.0,nan,nan,nan,nan,nan
23.36221933364868,-0.037442002445459366,-0.055534522980451584,-3.9621052742004395,-0.004349531218213564,0.0017573833465576172,0.0,0.0,-5.0,nan,nan,nan,nan,nan
23.370545148849487,-0.037442002445459366,-0.055534522980451584,-3.9621052742004395,-0.004349531218213564,0.00125885009765625,0.0,0.0,-5.0,nan,nan,nan,nan,nan
23.38036036491394,-0.037442002445459366,-0.055534522980451584,-3.9621052742004395,-0.004349531218213564,0.0009553432464599609,0.0,0.0,-5.0,nan,nan,nan,nan,nan
23.39056420326233,-0.03709987923502922,-0.05481630936264992,-3.9625511169433594,-0.004326779010031952,0.0018036365509033203,0.0,0.0,-5.0,nan,nan,nan,nan,nan
23.40089201927185,-0.03709987923502922,-0.05481630936264992,-3.9625511169433594,-0.004326779010031952,0.0010838508605957031,0.0,0.0,-5.0,nan,nan,nan,nan,nan
23.41118812561035,-0.03683272376656532,-0.05426551029086113,-3.962953567504883,-0.00431529700550004,0.0018310546875,0.0,0.0,-5.0,nan,nan,nan,nan,nan
23.420502424240112,-0.03683272376656532,-0.05426551029086113,-3.962953567504883,-0.00431529700550004,0.0017516613006591797,0.0,0.0,-5.0,nan,nan,nan,nan,nan
23.430529356002808,-0.03683272376656532,-0.05426551029086113,-3.962953567504883,-0.00431529700550004,0.0018587112426757812,0.0,0.0,-5.0,nan,nan,nan,nan,nan
23.440382719039917,-0.03665304556488991,-0.05389140173792839,-3.9632554054260254,-0.004301219182731935,0.0009834766387939453,0.0,0.0,-5.0,nan,nan,nan,nan,nan
23.450612545013428,-0.03665304556488991,-0.05389140173792839,-3.9632554054260254,-0.004301219182731935,0.0018546581268310547,0.0,0.0,-5.0,nan,nan,nan,nan,nan
23.46149516105652,-0.03630572184920311,-0.053116388618946075,-3.9638986587524414,-0.004249021862051986,0.0009181499481201172,0.0,0.0,-5.0,nan,nan,nan,nan,nan
23.470494985580444,-0.03630572184920311,-0.053116388618946075,-3.9638986587524414,-0.004249021862051986,0.0020089149475097656,0.0,0.0,-5.0,nan,nan,nan,nan,nan
23.48043441772461,-0.03630572184920311,-0.053116388618946075,-3.9638986587524414,-0.004249021862051986,0.0011434555053710938,0.0,0.0,-5.0,nan,nan,nan,nan,nan
23.490361213684082,-0.03598909452557564,-0.05234873294830322,-3.964552879333496,-0.004208049795942432,0.0012924671173095703,0.0,0.0,-5.0,nan,nan,nan,nan,nan
23.500824451446533,-0.03598909452557564,-0.05234873294830322,-3.964552879333496,-0.004208049795942432,0.0008494853973388672,0.0,0.0,-5.0,nan,nan,nan,nan,nan
23.511335611343384,-0.03584326058626175,-0.051975883543491364,-3.9648942947387695,-0.00418950487562547,0.0010344982147216797,0.0,0.0,-5.0,nan,nan,nan,nan,nan
23.520482540130615,-0.03584326058626175,-0.051975883543491364,-3.9648942947387695,-0.00418950487562547,0.001384735107421875,0.0,0.0,-5.0,nan,nan,nan,nan,nan
23.530395984649658,-0.03584326058626175,-0.051975883543491364,-3.9648942947387695,-0.00418950487562547,0.0011188983917236328,0.0,0.0,-5.0,nan,nan,nan,nan,nan
23.540327072143555,-0.03571672365069389,-0.051597412675619125,-3.9652557373046875,-0.004165573394751749,0.0011143684387207031,0.0,0.0,-5.0,nan,nan,nan,nan,nan
23.550381660461426,-0.03571672365069389,-0.051597412675619125,-3.9652557373046875,-0.004165573394751749,0.0010941028594970703,0.0,0.0,-5.0,nan,nan,nan,nan,nan
23.562636137008667,-0.035478945821523666,-0.05086540803313255,-3.9660110473632812,-0.004120602568455124,0.0017580986022949219,0.0,0.0,-5.0,nan,nan,nan,nan,nan
23.570603132247925,-0.035478945821523666,-0.05086540803313255,-3.9660110473632812,-0.004120602568455124,0.002283334732055664,0.0,0.0,-5.0,nan,nan,nan,nan,nan
23.580602407455444,-0.035478945821523666,-0.05086540803313255,-3.9660110473632812,-0.004120602568455124,0.0015385150909423828,0.0,0.0,-5.0,nan,nan,nan,nan,nan
23.590245008468628,-0.035313088446855545,-0.05033576861023903,-3.966580390930176,-0.00409953538659304,0.0008766651153564453,0.0,0.0,-5.0,nan,nan,nan,nan,nan
23.600494861602783,-0.035313088446855545,-0.05033576861023903,-3.966580390930176,-0.00409953538659304,0.0008471012115478516,0.0,0.0,-5.0,nan,nan,nan,nan,nan
23.611072301864624,-0.03514982759952545,-0.04982420429587364,-3.9671378135681152,-0.004059093581594407,0.0008952617645263672,0.0,0.0,-5.0,nan,nan,nan,nan,nan
23.6202335357666,-0.03514982759952545,-0.04982420429587364,-3.9671378135681152,-0.004059093581594407,0.0009233951568603516,0.0,0.0,-5.0,nan,nan,nan,nan,nan
23.630558252334595,-0.03514982759952545,-0.04982420429587364,-3.9671378135681152,-0.004059093581594407,0.0017697811126708984,0.0,0.0,-5.0,nan,nan,nan,nan,nan
23.640390157699585,-0.03498893231153488,-0.04933135583996773,-3.9676966667175293,-0.004033052101313812,0.0011739730834960938,0.0,0.0,-5.0,nan,nan,nan,nan,nan
23.650283575057983,-0.03498893231153488,-0.04933135583996773,-3.9676966667175293,-0.004033052101313812,0.0009996891021728516,0.0,0.0,-5.0,nan,nan,nan,nan,nan
23.661887884140015,-0.03480297327041626,-0.0486694797873497,-3.9683609008789062,-0.003962944524529877,0.0010259151458740234,0.0,0.0,-5.0,nan,nan,nan,nan,nan
23.670690059661865,-0.03480297327041626,-0.0486694797873497,-3.9683609008789062,-0.003962944524529877,0.0018820762634277344,0.0,0.0,-5.0,nan,nan,nan,nan,nan
23.680381059646606,-0.03480297327041626,-0.0486694797873497,-3.9683609008789062,-0.003962944524529877,0.0011441707611083984,0.0,0.0,-5.0,nan,nan,nan,nan,nan
23.690467834472656,-0.03471937030553818,-0.048348236829042435,-3.968655586242676,-0.003936506367802297,0.0016896724700927734,0.0,0.0,-5.0,nan,nan,nan,nan,nan
23.700641632080078,-0.03471937030553818,-0.048348236829042435,-3.968655586242676,-0.003936506367802297,0.0009665489196777344,0.0,0.0,-5.0,nan,nan,nan,nan,nan
23.711582899093628,-0.034561123698949814,-0.04773186892271042,-3.969151020050049,-0.0038758383785369834,0.0015685558319091797,0.0,0.0,-5.0,nan,nan,nan,nan,nan
23.720296144485474,-0.034561123698949814,-0.04773186892271042,-3.969151020050049,-0.0038758383785369834,0.0016181468963623047,0.0,0.0,-5.0,nan,nan,nan,nan,nan
23.7304949760437,-0.034561123698949814,-0.04773186892271042,-3.969151020050049,-0.0038758383785369834,0.0012774467468261719,0.0,0.0,-5.0,nan,nan,nan,nan,nan
23.740474224090576,-0.03444891422986984,-0.047293007373809814,-3.9694266319274902,-0.0038288376674659678,0.0019981861114501953,0.0,0.0,-5.0,nan,nan,nan,nan,nan
23.750497341156006,-0.03444891422986984,-0.047293007373809814,-3.9694266319274902,-0.0038288376674659678,0.0009429454803466797,0.0,0.0,-5.0,nan,nan,nan,nan,nan
23.76107668876648,-0.03430797904729843,-0.04687688499689102,-3.969662666320801,-0.00377773110851758,0.00086212158203125,0.0,0.0,-5.0,nan,nan,nan,nan,nan
23.77034616470337,-0.03430797904729843,-0.04687688499689102,-3.969662666320801,-0.00377773110851758,0.001298666000366211,0.0,0.0,-5.0,nan,nan,nan,nan,nan
23.780277967453003,-0.03430797904729843,-0.04687688499689102,-3.969662666320801,-0.00377773110851758,0.0008471012115478516,0.0,0.0,-5.0,nan,nan,nan,nan,nan
23.790550470352173,-0.03414040431380272,-0.04647999629378319,-3.969893455505371,-0.00373104178175316,0.001934051513671875,0.0,0.0,-5.0,nan,nan,nan,nan,nan
23.8009774684906,-0.03414040431380272,-0.04647999629378319,-3.969893455505371,-0.00373104178175316,0.0018763542175292969,0.0,0.0,-5.0,nan,nan,nan,nan,nan
23.811425924301147,-0.03387341648340225,-0.04598154500126839,-3.9701943397521973,-0.0036612896242353933,0.0008976459503173828,0.0,0.0,-5.0,nan,nan,nan,nan,nan
23.820292711257935,-0.03387341648340225,-0.04598154500126839,-3.9701943397521973,-0.0036612896242353933,0.0008411407470703125,0.0,0.0,-5.0,nan,nan,nan,nan,nan
23.830385208129883,-0.03387341648340225,-0.04598154500126839,-3.9701943397521973,-0.0036612896242353933,0.0017969608306884766,0.0,0.0,-5.0,nan,nan,nan,nan,nan
23.840460538864136,-0.033718716353178024,-0.04574069008231163,-3.97037410736084,-0.0036261406864900965,0.0018243789672851562,0.0,0.0,-5.0,nan,nan,nan,nan,nan
23.850427627563477,-0.033718716353178024,-0.04574069008231163,-3.97037410736084,-0.0036261406864900965,0.0019335746765136719,0.0,0.0,-5.0,nan,nan,nan,nan,nan
23.86191964149475,-0.03339071944355965,-0.04530126973986626,-3.970808982849121,-0.003570575473104888,0.0017375946044921875,0.0,0.0,-5.0,nan,nan,nan,nan,nan
23.870485544204712,-0.03339071944355965,-0.04530126973986626,-3.970808982849121,-0.003570575473104888,0.002032041549682617,0.0,0.0,-5.0,nan,nan,nan,nan,nan
23.88044238090515,-0.03339071944355965,-0.04530126973986626,-3.970808982849121,-0.003570575473104888,0.0016274452209472656,0.0,0.0,-5.0,nan,nan,nan,nan,nan
23.89037585258484,-0.03322802111506462,-0.045121047645807266,-3.9710354804992676,-0.003539340994257326,0.0018780231475830078,0.0,0.0,-5.0,nan,nan,nan,nan,nan
23.90091037750244,-0.03322802111506462,-0.045121047645807266,-3.9710354804992676,-0.003539340994257326,0.001033782958984375,0.0,0.0,-5.0,nan,nan,nan,nan,nan
23.91191792488098,-0.03293025866150856,-0.04484425485134125,-3.971494674682617,-0.0034617883877015527,0.0018308162689208984,0.0,0.0,-5.0,nan,nan,nan,nan,nan
23.92059874534607,-0.03293025866150856,-0.04484425485134125,-3.971494674682617,-0.0034617883877015527,0.001756429672241211,0.0,0.0,-5.0,nan,nan,nan,nan,nan
23.930505990982056,-0.03293025866150856,-0.04484425485134125,-3.971494674682617,-0.0034617883877015527,0.001829385757446289,0.0,0.0,-5.0,nan,nan,nan,nan,nan
23.940685749053955,-0.03281836956739426,-0.04473995417356491,-3.971728801727295,-0.0034385253909909545,0.0018367767333984375,0.0,0.0,-5.0,nan,nan,nan,nan,nan
23.950501441955566,-0.03281836956739426,-0.04473995417356491,-3.971728801727295,-0.0034385253909909545,0.0018954277038574219,0.0,0.0,-5.0,nan,nan,nan,nan,nan
23.961793661117554,-0.032693617045879364,-0.04462754353880882,-3.9720916748046875,-0.0033875990583164565,0.0008809566497802734,0.0,0.0,-5.0,nan,nan,nan,nan,nan
23.97031021118164,-0.032693617045879364,-0.04462754353880882,-3.9720916748046875,-0.0033875990583164565,0.0008764266967773438,0.0,0.0,-5.0,nan,nan,nan,nan,nan
23.980438470840454,-0.032693617045879364,-0.04462754353880882,-3.9720916748046875,-0.0033875990583164565,0.0017886161804199219,0.0,0.0,-5.0,nan,nan,nan,nan,nan
23.990522861480713,-0.03256707638502121,-0.04452141374349594,-3.9726157188415527,-0.003337932004635554,0.0019345283508300781,0.0,0.0,-5.0,nan,nan,nan,nan,nan
24.000652074813843,-0.03256707638502121,-0.04452141374349594,-3.9726157188415527,-0.003337932004635554,0.0008063316345214844,0.0,0.0,-5.0,nan,nan,nan,nan,nan
24.011081218719482,-0.03245505690574646,-0.04445130005478859,-3.973160743713379,-0.003264456553891488,0.0012545585632324219,0.0,0.0,-5.0,nan,nan,nan,nan,nan
24.02060627937317,-0.03245505690574646,-0.04445130005478859,-3.973160743713379,-0.003264456553891488,0.001980304718017578,0.0,0.0,-5.0,nan,nan,nan,nan,nan
24.030410289764404,-0.03245505690574646,-0.04445130005478859,-3.973160743713379,-0.003264456553891488,0.0016407966613769531,0.0,0.0,-5.0,nan,nan,nan,nan,nan
24.04078459739685,-0.032402317970991135,-0.04442967474460602,-3.973443031311035,-0.0032315309076066476,0.0019230842590332031,0.0,0.0,-5.0,nan,nan,nan,nan,nan
24.050496339797974,-0.032402317970991135,-0.04442967474460602,-3.973443031311035,-0.0032315309076066476,0.0017910003662109375,0.0,0.0,-5.0,nan,nan,nan,nan,nan
24.062498092651367,-0.03231499344110489,-0.044443994760513306,-3.9738521575927734,-0.0032060415215730636,0.0019540786743164062,0.0,0.0,-5.0,nan,nan,nan,nan,nan
24.07039976119995,-0.03231499344110489,-0.044443994760513306,-3.9738521575927734,-0.0032060415215730636,0.0015819072723388672,0.0,0.0,-5.0,nan,nan,nan,nan,nan
24.080539226531982,-0.03231499344110489,-0.044443994760513306,-3.9738521575927734,-0.0032060415215730636,0.0017931461334228516,0.0,0.0,-5.0,nan,nan,nan,nan,nan
24.090672731399536,-0.03221546858549118,-0.04450894519686699,-3.974269390106201,-0.0031600472530468144,0.0018451213836669922,0.0,0.0,-5.0,nan,nan,nan,nan,nan
24.100677013397217,-0.03221546858549118,-0.04450894519686699,-3.974269390106201,-0.0031600472530468144,0.0018339157104492188,0.0,0.0,-5.0,nan,nan,nan,nan,nan
24.11156678199768,-0.032095007598400116,-0.04462173208594322,-3.974686622619629,-0.003103329458513394,0.0010514259338378906,0.0,0.0,-5.0,nan,nan,nan,nan,nan
24.120569229125977,-0.032095007598400116,-0.04462173208594322,-3.974686622619629,-0.003103329458513394,0.0015630722045898438,0.0,0.0,-5.0,nan,nan,nan,nan,nan
24.13029718399048,-0.032095007598400116,-0.04462173208594322,-3.974686622619629,-0.003103329458513394,0.0008423328399658203,0.0,0.0,-5.0,nan,nan,nan,nan,nan
24.14020323753357,-0.031935594975948334,-0.044782605022192,-3.97512149810791,-0.003073664149218134,0.0008070468902587891,0.0,0.0,-5.0,nan,nan,nan,nan,nan
24.150495529174805,-0.031935594975948334,-0.044782605022192,-3.97512149810791,-0.003073664149218134,0.0012366771697998047,0.0,0.0,-5.0,nan,nan,nan,nan,nan
24.161444902420044,-0.031764283776283264,-0.04496117681264877,-3.97554874420166,-0.0030362155575531123,0.0012679100036621094,0.0,0.0,-5.0,nan,nan,nan,nan,nan
24.170296907424927,-0.031764283776283264,-0.04496117681264877,-3.97554874420166,-0.0030362155575531123,0.0010647773742675781,0.0,0.0,-5.0,nan,nan,nan,nan,nan
24.180317401885986,-0.031764283776283264,-0.04496117681264877,-3.97554874420166,-0.0030362155575531123,0.0011286735534667969,0.0,0.0,-5.0,nan,nan,nan,nan,nan
24.190457820892334,-0.03148932382464409,-0.04520648345351219,-3.9760842323303223,-0.002975477630169176,0.0013244152069091797,0.0,0.0,-5.0,nan,nan,nan,nan,nan
24.200514554977417,-0.03148932382464409,-0.04520648345351219,-3.9760842323303223,-0.002975477630169176,0.001638174057006836,0.0,0.0,-5.0,nan,nan,nan,nan,nan
24.21127486228943,-0.03123563714325428,-0.04537523537874222,-3.9764275550842285,-0.002933749839342032,0.0008592605590820312,0.0,0.0,-5.0,nan,nan,nan,nan,nan
24.220290899276733,-0.03123563714325428,-0.04537523537874222,-3.9764275550842285,-0.002933749839342032,0.0008673667907714844,0.0,0.0,-5.0,nan,nan,nan,nan,nan
24.23026180267334,-0.03123563714325428,-0.04537523537874222,-3.9764275550842285,-0.002933749839342032,0.0018625259399414062,0.0,0.0,-5.0,nan,nan,nan,nan,nan
24.24025297164917,-0.030946334823966026,-0.04552445560693741,-3.9767470359802246,-0.0028839644093269137,0.0008096694946289062,0.0,0.0,-5.0,nan,nan,nan,nan,nan
24.250429391860962,-0.030946334823966026,-0.04552445560693741,-3.9767470359802246,-0.0028839644093269137,0.0018889904022216797,0.0,0.0,-5.0,nan,nan,nan,nan,nan
24.261154413223267,-0.030741872265934944,-0.04559138044714928,-3.9769458770751953,-0.002845921913223484,0.0008852481842041016,0.0,0.0,-5.0,nan,nan,nan,nan,nan
24.27029037475586,-0.030741872265934944,-0.04559138044714928,-3.9769458770751953,-0.002845921913223484,0.0009086132049560547,0.0,0.0,-5.0,nan,nan,nan,nan,nan
24.280267477035522,-0.030741872265934944,-0.04559138044714928,-3.9769458770751953,-0.002845921913223484,0.0008678436279296875,0.0,0.0,-5.0,nan,nan,nan,nan,nan
24.290265798568726,-0.030332526192069054,-0.04569761082530022,-3.97733736038208,-0.0027880545807250226,0.0010631084442138672,0.0,0.0,-5.0,nan,nan,nan,nan,nan
24.300405263900757,-0.030332526192069054,-0.04569761082530022,-3.97733736038208,-0.0027880545807250226,0.0006721019744873047,0.0,0.0,-5.0,nan,nan,nan,nan,nan
24.31049156188965,-0.030332526192069054,-0.04569761082530022,-3.97733736038208,-0.0027880545807250226,0.002149820327758789,0.0,0.0,-5.0,nan,nan,nan,nan,nan
24.320335149765015,-0.030014697462320328,-0.045714687556028366,-3.977598190307617,-0.002728608811438612,0.0009315013885498047,0.0,0.0,-5.0,nan,nan,nan,nan,nan
24.33030343055725,-0.030014697462320328,-0.045714687556028366,-3.977598190307617,-0.002728608811438612,0.0009026527404785156,0.0,0.0,-5.0,nan,nan,nan,nan,nan
24.34026837348938,-0.02956840954720974,-0.04563751071691513,-3.9778075218200684,-0.0026666140939364622,0.000858306884765625,0.0,0.0,-5.0,nan,nan,nan,nan,nan
24.350321054458618,-0.02956840954720974,-0.04563751071691513,-3.9778075218200684,-0.0026666140939364622,0.0009076595306396484,0.0,0.0,-5.0,nan,nan,nan,nan,nan
24.361274480819702,-0.02934820018708706,-0.04554343596100807,-3.977898597717285,-0.0026337995354085673,0.0008609294891357422,0.0,0.0,-5.0,nan,nan,nan,nan,nan
24.370258331298828,-0.02934820018708706,-0.04554343596100807,-3.977898597717285,-0.0026337995354085673,0.0008099079132080078,0.0,0.0,-5.0,nan,nan,nan,nan,nan
24.380279779434204,-0.02934820018708706,-0.04554343596100807,-3.977898597717285,-0.0026337995354085673,0.0008397102355957031,0.0,0.0,-5.0,nan,nan,nan,nan,nan
24.390254259109497,-0.02892136387526989,-0.04532961919903755,-3.9780688285827637,-0.0025438080582897045,0.0008900165557861328,0.0,0.0,-5.0,nan,nan,nan,nan,nan
24.400449991226196,-0.02892136387526989,-0.04532961919903755,-3.9780688285827637,-0.0025438080582897045,0.0007665157318115234,0.0,0.0,-5.0,nan,nan,nan,nan,nan
24.412461280822754,-0.028610853478312492,-0.045130908489227295,-3.9781970977783203,-0.0024891356215817244,0.0020227432250976562,0.0,0.0,-5.0,nan,nan,nan,nan,nan
24.4203040599823,-0.028610853478312492,-0.045130908489227295,-3.9781970977783203,-0.0024891356215817244,0.0010652542114257812,0.0,0.0,-5.0,nan,nan,nan,nan,nan
24.43034267425537,-0.028610853478312492,-0.045130908489227295,-3.9781970977783203,-0.0024891356215817244,0.0010311603546142578,0.0,0.0,-5.0,nan,nan,nan,nan,nan
24.44026279449463,-0.0283114705234766,-0.04490913450717926,-3.978339195251465,-0.0024411069218804042,0.0012319087982177734,0.0,0.0,-5.0,nan,nan,nan,nan,nan
24.450342655181885,-0.0283114705234766,-0.04490913450717926,-3.978339195251465,-0.0024411069218804042,0.0010673999786376953,0.0,0.0,-5.0,nan,nan,nan,nan,nan
24.461429119110107,-0.028116535395383835,-0.044732607901096344,-3.9784464836120605,-0.002410849613955763,0.0010344982147216797,0.0,0.0,-5.0,nan,nan,nan,nan,nan
24.47054171562195,-0.028116535395383835,-0.044732607901096344,-3.9784464836120605,-0.002410849613955763,0.0018875598907470703,0.0,0.0,-5.0,nan,nan,nan,nan,nan
24.480356454849243,-0.028116535395383835,-0.044732607901096344,-3.9784464836120605,-0.002410849613955763,0.0012083053588867188,0.0,0.0,-5.0,nan,nan,nan,nan,nan
24.490203857421875,-0.027840111404657364,-0.044463396072387695,-3.978611469268799,-0.0023598785323296996,0.0008175373077392578,0.0,0.0,-5.0,nan,nan,nan,nan,nan
24.500576972961426,-0.027840111404657364,-0.044463396072387695,-3.978611469268799,-0.0023598785323296996,0.001064300537109375,0.0,0.0,-5.0,nan,nan,nan,nan,nan
24.510273694992065,-0.027840111404657364,-0.044463396072387695,-3.978611469268799,-0.0023598785323296996,0.001088857650756836,0.0,0.0,-5.0,nan,nan,nan,nan,nan
24.520650148391724,-0.02751660719513893,-0.044085968285799026,-3.978851795196533,-0.002268702770751327,0.002012491226196289,0.0,0.0,-5.0,nan,nan,nan,nan,nan
24.530571222305298,-0.02751660719513893,-0.044085968285799026,-3.978851795196533,-0.002268702770751327,0.0011334419250488281,0.0,0.0,-5.0,nan,nan,nan,nan,nan
24.5403413772583,-0.02728128805756569,-0.043794408440589905,-3.9790329933166504,-0.0021960242163625503,0.0010313987731933594,0.0,0.0,-5.0,nan,nan,nan,nan,nan
24.550402879714966,-0.02728128805756569,-0.043794408440589905,-3.9790329933166504,-0.0021960242163625503,0.0010561943054199219,0.0,0.0,-5.0,nan,nan,nan,nan,nan
24.56151032447815,-0.02704014629125595,-0.04352513700723648,-3.979217052459717,-0.0021367848025770166,0.002242565155029297,0.0,0.0,-5.0,nan,nan,nan,nan,nan
24.57049560546875,-0.02704014629125595,-0.04352513700723648,-3.979217052459717,-0.0021367848025770166,0.0017328262329101562,0.0,0.0,-5.0,nan,nan,nan,nan,nan
24.580512762069702,-0.02704014629125595,-0.04352513700723648,-3.979217052459717,-0.0021367848025770166,0.0019288063049316406,0.0,0.0,-5.0,nan,nan,nan,nan,nan
24.590260982513428,-0.026810718700289726,-0.04326775670051575,-3.979414939880371,-0.002067018591054909,0.0017409324645996094,0.0,0.0,-5.0,nan,nan,nan,nan,nan
24.60094690322876,-0.026810718700289726,-0.04326775670051575,-3.979414939880371,-0.002067018591054909,0.0018870830535888672,0.0,0.0,-5.0,nan,nan,nan,nan,nan
24.61214828491211,-0.026600509881973267,-0.04300849139690399,-3.979613780975342,-0.0019936306610471226,0.0017209053039550781,0.0,0.0,-5.0,nan,nan,nan,nan,nan
24.620338916778564,-0.026600509881973267,-0.04300849139690399,-3.979613780975342,-0.0019936306610471226,0.0011794567108154297,0.0,0.0,-5.0,nan,nan,nan,nan,nan
24.630377769470215,-0.026600509881973267,-0.04300849139690399,-3.979613780975342,-0.0019936306610471226,0.0011653900146484375,0.0,0.0,-5.0,nan,nan,nan,nan,nan
24.64026188850403,-0.02644861675798893,-0.04269452393054962,-3.9797959327697754,-0.0019349330995410583,0.0010521411895751953,0.0,0.0,-5.0,nan,nan,nan,nan,nan
24.650306940078735,-0.02644861675798893,-0.04269452393054962,-3.9797959327697754,-0.0019349330995410583,0.0010747909545898438,0.0,0.0,-5.0,nan,nan,nan,nan,nan
24.661365747451782,-0.026297787204384804,-0.04221309721469879,-3.9800682067871094,-0.0018612775743723693,0.0010542869567871094,0.0,0.0,-5.0,nan,nan,nan,nan,nan
24.670446395874023,-0.026297787204384804,-0.04221309721469879,-3.9800682067871094,-0.0018612775743723693,0.0011947154998779297,0.0,0.0,-5.0,nan,nan,nan,nan,nan
24.680309057235718,-0.026297787204384804,-0.04221309721469879,-3.9800682067871094,-0.0018612775743723693,0.0010211467742919922,0.0,0.0,-5.0,nan,nan,nan,nan,nan
24.69026207923889,-0.026243185624480247,-0.04195333644747734,-3.980219841003418,-0.001823061251712972,0.0013341903686523438,0.0,0.0,-5.0,nan,nan,nan,nan,nan
24.700651168823242,-0.026243185624480247,-0.04195333644747734,-3.980219841003418,-0.001823061251712972,0.0009891986846923828,0.0,0.0,-5.0,nan,nan,nan,nan,nan
24.711414337158203,-0.026169490069150925,-0.04141225665807724,-3.980555534362793,-0.0017426780104253235,0.0010919570922851562,0.0,0.0,-5.0,nan,nan,nan,nan,nan
24.72060203552246,-0.026169490069150925,-0.04141225665807724,-3.980555534362793,-0.0017426780104253235,0.0014421939849853516,0.0,0.0,-5.0,nan,nan,nan,nan,nan
24.73034977912903,-0.026169490069150925,-0.04141225665807724,-3.980555534362793,-0.0017426780104253235,0.0010514259338378906,0.0,0.0,-5.0,nan,nan,nan,nan,nan
24.740456581115723,-0.026143480092287064,-0.04113444685935974,-3.980738639831543,-0.001706170266885779,0.0013816356658935547,0.0,0.0,-5.0,nan,nan,nan,nan,nan
24.750413179397583,-0.026143480092287064,-0.04113444685935974,-3.980738639831543,-0.001706170266885779,0.0010695457458496094,0.0,0.0,-5.0,nan,nan,nan,nan,nan
24.76170802116394,-0.026195233687758446,-0.04055286943912506,-3.9811010360717773,-0.0016340979813153993,0.0008382797241210938,0.0,0.0,-5.0,nan,nan,nan,nan,nan
24.770232915878296,-0.026195233687758446,-0.04055286943912506,-3.9811010360717773,-0.0016340979813153993,0.0007178783416748047,0.0,0.0,-5.0,nan,nan,nan,nan,nan
24.780609607696533,-0.026195233687758446,-0.04055286943912506,-3.9811010360717773,-0.0016340979813153993,0.0018801689147949219,0.0,0.0,-5.0,nan,nan,nan,nan,nan
24.79037046432495,-0.026300452649593353,-0.04007123410701752,-3.9813928604125977,-0.0015879036703623987,0.0010495185852050781,0.0,0.0,-5.0,nan,nan,nan,nan,nan
24.800576210021973,-0.026300452649593353,-0.04007123410701752,-3.9813928604125977,-0.0015879036703623987,0.0009336471557617188,0.0,0.0,-5.0,nan,nan,nan,nan,nan
24.81136155128479,-0.026418618857860565,-0.03958920016884804,-3.981698989868164,-0.0015112431733798762,0.0010378360748291016,0.0,0.0,-5.0,nan,nan,nan,nan,nan
24.82036781311035,-0.026418618857860565,-0.03958920016884804,-3.981698989868164,-0.0015112431733798762,0.0012087821960449219,0.0,0.0,-5.0,nan,nan,nan,nan,nan
24.830366134643555,-0.026418618857860565,-0.03958920016884804,-3.981698989868164,-0.0015112431733798762,0.0010819435119628906,0.0,0.0,-5.0,nan,nan,nan,nan,nan
24.840247631072998,-0.026564959436655045,-0.03906203433871269,-3.9820189476013184,-0.0014529681931353354,0.0011196136474609375,0.0,0.0,-5.0,nan,nan,nan,nan,nan
24.850448846817017,-0.026564959436655045,-0.03906203433871269,-3.9820189476013184,-0.0014529681931353354,0.0013213157653808594,0.0,0.0,-5.0,nan,nan,nan,nan,nan
24.861871004104614,-0.026800423860549927,-0.03832399472594261,-3.982461929321289,-0.0013780986766717491,0.0017671585083007812,0.0,0.0,-5.0,nan,nan,nan,nan,nan
24.87038779258728,-0.026800423860549927,-0.03832399472594261,-3.982461929321289,-0.0013780986766717491,0.0013539791107177734,0.0,0.0,-5.0,nan,nan,nan,nan,nan
24.88048768043518,-0.026800423860549927,-0.03832399472594261,-3.982461929321289,-0.0013780986766717491,0.0018837451934814453,0.0,0.0,-5.0,nan,nan,nan,nan,nan
24.890410661697388,-0.026945317164063454,-0.03793738782405853,-3.9826836585998535,-0.0013522887098832896,0.0017247200012207031,0.0,0.0,-5.0,nan,nan,nan,nan,nan
24.90076732635498,-0.026945317164063454,-0.03793738782405853,-3.9826836585998535,-0.0013522887098832896,0.0017533302307128906,0.0,0.0,-5.0,nan,nan,nan,nan,nan
24.91204857826233,-0.02729973755776882,-0.03712200000882149,-3.983114719390869,-0.0012881018000098906,0.0016770362854003906,0.0,0.0,-5.0,nan,nan,nan,nan,nan
24.920506715774536,-0.02729973755776882,-0.03712200000882149,-3.983114719390869,-0.0012881018000098906,0.0018339157104492188,0.0,0.0,-5.0,nan,nan,nan,nan,nan
24.93050265312195,-0.02729973755776882,-0.03712200000882149,-3.983114719390869,-0.0012881018000098906,0.0012519359588623047,0.0,0.0,-5.0,nan,nan,nan,nan,nan
24.940411806106567,-0.027515407651662827,-0.03668835759162903,-3.983309268951416,-0.0012592596052973517,0.002020597457885742,0.0,0.0,-5.0,nan,nan,nan,nan,nan
24.950568675994873,-0.027515407651662827,-0.03668835759162903,-3.983309268951416,-0.0012592596052973517,0.0018427371978759766,0.0,0.0,-5.0,nan,nan,nan,nan,nan
24.962151765823364,-0.028026150539517403,-0.035806331783533096,-3.983689308166504,-0.001173919290924797,0.001779317855834961,0.0,0.0,-5.0,nan,nan,nan,nan,nan
24.970558643341064,-0.028026150539517403,-0.035806331783533096,-3.983689308166504,-0.001173919290924797,0.001920461654663086,0.0,0.0,-5.0,nan,nan,nan,nan,nan
24.98042869567871,-0.028026150539517403,-0.035806331783533096,-3.983689308166504,-0.001173919290924797,0.0018045902252197266,0.0,0.0,-5.0,nan,nan,nan,nan,nan
24.990784883499146,-0.028457781299948692,-0.03511551022529602,-3.9839329719543457,-0.0011535718303989136,0.001580953598022461,0.0,0.0,-5.0,nan,nan,nan,nan,nan
